submission_date,state,tot_cases,conf_cases,prob_cases,new_case,pnew_case,tot_death,conf_death,prob_death,new_death,pnew_death,created_at,consent_cases,consent_deaths
02/20/2022,MD,998136,,,1089,0,14011,13749,262,8,0,02/21/2022 08:43:30 PM,N/A,Agree
08/06/2021,MD,472224,,,890,0,9871,9651,220,4,0,08/08/2021 12:00:00 AM,N/A,Agree
07/30/2021,MD,467961,,,526,0,9844,9625,219,2,0,08/01/2021 12:00:00 AM,N/A,Agree
10/25/2020,MD,140279,,,792,0,4237,4078,159,6,0,10/27/2020 12:00:00 AM,N/A,Agree
02/08/2021,MD,364553,,,903,0,7849,7648,201,37,0,02/10/2021 12:00:00 AM,N/A,Agree
12/31/2021,MD,720888,,,13110,0,11875,11638,237,36,0,01/02/2022 12:00:00 AM,N/A,Agree
11/28/2021,MD,584137,,,838,0,11203,10972,231,12,0,11/30/2021 12:00:00 AM,N/A,Agree
12/19/2021,MD,620799,,,2473,0,11533,11300,233,22,0,12/21/2021 12:00:00 AM,N/A,Agree
03/18/2020,MD,85,,,28,0,0,0,0,0,0,03/20/2020 12:00:00 AM,N/A,Agree
02/13/2021,MD,370136,,,1159,0,8019,7817,202,29,0,02/15/2021 12:00:00 AM,N/A,Agree
06/05/2020,MD,56770,,,912,0,2817,2695,122,33,0,06/07/2020 12:00:00 AM,N/A,Agree
02/17/2020,MD,0,,,0,0,0,0,0,0,0,02/19/2020 12:00:00 AM,N/A,Agree
03/17/2021,MD,395633,,,917,0,8640,8434,206,22,0,03/19/2021 12:00:00 AM,N/A,Agree
03/09/2021,MD,388666,,,631,0,8515,8311,204,24,0,03/11/2021 12:00:00 AM,N/A,Agree
10/29/2020,MD,143387,,,962,0,4266,4106,160,13,1,10/31/2020 12:00:00 AM,N/A,Agree
03/24/2020,MD,349,,,61,0,5,5,0,0,0,03/26/2020 12:00:00 AM,N/A,Agree
09/03/2020,MD,110012,,,693,0,3901,3746,155,8,0,09/05/2020 12:00:00 AM,N/A,Agree
02/10/2021,MD,366666,,,1137,0,7929,7728,201,35,0,02/12/2021 12:00:00 AM,N/A,Agree
09/22/2020,MD,120912,,,344,0,4020,3863,157,5,0,09/24/2020 12:00:00 AM,N/A,Agree
04/24/2021,MD,442351,,,1196,0,9248,9036,212,18,0,04/26/2021 12:00:00 AM,N/A,Agree
11/04/2021,MD,563696,,,800,0,10970,10739,231,13,1,11/06/2021 12:00:00 AM,N/A,Agree
10/22/2021,MD,554456,,,863,0,10811,10581,230,17,0,10/24/2021 12:00:00 AM,N/A,Agree
03/07/2020,MD,3,,,0,0,0,0,0,0,0,03/09/2020 12:00:00 AM,N/A,Agree
11/30/2020,MD,198370,,,1923,0,4858,4685,173,24,1,12/02/2020 12:00:00 AM,N/A,Agree
12/15/2021,MD,608293,,,2192,0,11447,11214,233,25,0,12/17/2021 12:00:00 AM,N/A,Agree
08/11/2021,MD,476070,,,886,0,9893,9672,221,3,0,08/13/2021 12:00:00 AM,N/A,Agree
03/31/2022,MD,1012357,,,438,0,14347,14083,264,2,0,04/01/2022 01:54:34 PM,N/A,Agree
10/08/2020,MD,129425,,,761,0,4122,3963,159,10,0,10/10/2020 12:00:00 AM,N/A,Agree
03/26/2021,MD,405343,,,1361,0,8772,8564,208,9,1,03/28/2021 12:00:00 AM,N/A,Agree
04/06/2020,MD,4045,,,436,0,128,122,6,23,0,04/08/2020 12:00:00 AM,N/A,Agree
04/19/2021,MD,436659,,,631,0,9157,8946,211,18,1,04/21/2021 12:00:00 AM,N/A,Agree
12/20/2021,MD,621983,,,1184,0,11553,11320,233,20,0,12/22/2021 12:00:00 AM,N/A,Agree
08/25/2020,MD,105046,,,377,0,3827,3674,153,1,1,08/27/2020 12:00:00 AM,N/A,Agree
07/16/2021,MD,463848,,,183,0,9811,9594,217,3,0,07/18/2021 12:00:00 AM,N/A,Agree
07/14/2020,MD,74260,,,733,0,3453,3314,139,6,0,07/16/2020 12:00:00 AM,N/A,Agree
07/18/2020,MD,77206,,,835,0,3487,3348,139,8,0,07/20/2020 12:00:00 AM,N/A,Agree
04/23/2020,MD,15737,,,962,0,790,750,40,49,2,05/11/2022 04:48:19 PM,N/A,Agree
11/15/2021,MD,572342,,,717,0,11086,10855,231,7,0,11/17/2021 12:00:00 AM,N/A,Agree
06/19/2021,MD,461697,,,62,0,9752,9535,217,4,0,06/21/2021 12:00:00 AM,N/A,Agree
04/04/2021,MD,417329,,,1669,0,8907,8699,208,15,0,04/06/2021 12:00:00 AM,N/A,Agree
03/12/2021,MD,391480,,,990,0,8562,8358,204,13,0,03/14/2021 12:00:00 AM,N/A,Agree
11/19/2021,MD,575996,,,1082,0,11128,10897,231,12,0,11/21/2021 12:00:00 AM,N/A,Agree
02/05/2022,MD,986185,,,1693,0,13691,13432,259,36,1,02/07/2022 12:00:00 AM,N/A,Agree
03/27/2021,MD,406709,,,1366,0,8788,8580,208,16,0,03/29/2021 12:00:00 AM,N/A,Agree
04/13/2021,MD,428799,,,1084,0,9066,8856,210,11,0,04/15/2021 12:00:00 AM,N/A,Agree
08/05/2020,MD,92426,,,572,0,3661,3516,145,9,0,08/07/2020 12:00:00 AM,N/A,Agree
07/07/2020,MD,70396,,,492,0,3392,3253,139,15,0,07/09/2020 12:00:00 AM,N/A,Agree
05/01/2020,MD,23472,,,1730,0,1252,1190,62,62,2,05/03/2020 12:00:00 AM,N/A,Agree
10/29/2021,MD,559763,,,911,0,10895,10665,230,10,0,10/31/2021 12:00:00 AM,N/A,Agree
04/09/2020,MD,6185,,,656,0,198,188,10,31,2,04/11/2020 12:00:00 AM,N/A,Agree
09/25/2020,MD,122359,,,559,0,4040,3882,158,4,1,09/27/2020 12:00:00 AM,N/A,Agree
02/07/2020,MD,0,,,0,0,0,0,0,0,0,02/09/2020 12:00:00 AM,N/A,Agree
07/09/2021,MD,462980,,,145,0,9799,9582,217,2,0,07/11/2021 12:00:00 AM,N/A,Agree
02/07/2021,MD,363650,,,1566,0,7812,7611,201,23,0,02/09/2021 12:00:00 AM,N/A,Agree
10/31/2020,MD,145281,,,967,0,4290,4129,161,11,1,11/02/2020 12:00:00 AM,N/A,Agree
09/17/2021,MD,516784,,,1525,0,10282,10056,226,11,0,09/19/2021 12:00:00 AM,N/A,Agree
02/27/2022,MD,1001890,,,381,0,14119,13856,263,14,0,02/28/2022 02:56:19 PM,N/A,Agree
03/04/2022,MD,1004290,,,382,0,14176,13913,263,5,0,03/05/2022 02:44:19 PM,N/A,Agree
07/23/2020,MD,80836,,,664,0,3531,3391,140,6,1,07/25/2020 12:00:00 AM,N/A,Agree
02/19/2020,MD,0,,,0,0,0,0,0,0,0,02/21/2020 12:00:00 AM,N/A,Agree
03/15/2022,MD,1007372,,,332,0,14280,14015,265,9,0,03/16/2022 01:23:12 PM,N/A,Agree
11/21/2021,MD,578019,,,1006,0,11138,10907,231,4,0,11/23/2021 12:00:00 AM,N/A,Agree
03/07/2022,MD,1005056,,,766,0,14206,13943,263,30,0,03/08/2022 02:50:46 PM,N/A,Agree
12/29/2021,MD,692326,,,11915,0,11807,11571,236,39,1,12/31/2021 12:00:00 AM,N/A,Agree
02/12/2020,MD,0,,,0,0,0,0,0,0,0,02/14/2020 12:00:00 AM,N/A,Agree
05/09/2022,MD,1045721,,,4100,0,14505,14240,265,10,0,05/10/2022 01:23:16 PM,N/A,Agree
04/21/2021,MD,438789,,,1205,0,9198,8987,211,21,0,04/23/2021 12:00:00 AM,N/A,Agree
07/15/2021,MD,463665,,,178,0,9808,9591,217,1,0,07/17/2021 12:00:00 AM,N/A,Agree
12/07/2021,MD,595861,,,1190,0,11305,11073,232,11,0,12/09/2021 12:00:00 AM,N/A,Agree
12/28/2020,MD,269183,,,1985,0,6103,5914,189,42,0,12/30/2020 12:00:00 AM,N/A,Agree
10/23/2020,MD,138691,,,712,0,4224,4065,159,10,0,10/25/2020 12:00:00 AM,N/A,Agree
06/18/2021,MD,461635,,,86,0,9748,9531,217,5,0,06/20/2021 12:00:00 AM,N/A,Agree
10/14/2020,MD,132918,,,575,0,4160,4001,159,10,0,10/16/2020 12:00:00 AM,N/A,Agree
09/10/2020,MD,114078,,,503,0,3944,3788,156,8,0,09/12/2020 12:00:00 AM,N/A,Agree
12/12/2021,MD,602934,,,1361,0,11380,11147,233,9,0,12/14/2021 12:00:00 AM,N/A,Agree
10/06/2020,MD,128204,,,413,0,4105,3946,159,7,0,10/08/2020 12:00:00 AM,N/A,Agree
05/20/2021,MD,457084,,,319,0,9578,9364,214,11,0,05/22/2021 12:00:00 AM,N/A,Agree
05/03/2022,MD,1035008,,,0,0,14477,14213,264,0,0,05/04/2022 01:36:27 PM,N/A,Agree
12/18/2021,MD,618326,,,3353,0,11511,11278,233,29,0,12/20/2021 12:00:00 AM,N/A,Agree
04/09/2022,MD,1016029,,,0,0,14377,14113,264,0,0,04/11/2022 12:33:54 PM,N/A,Agree
07/15/2020,MD,75016,,,756,0,3455,3316,139,2,0,07/17/2020 12:00:00 AM,N/A,Agree
03/01/2022,MD,1003039,,,405,0,14146,13883,263,11,0,03/02/2022 02:48:48 PM,N/A,Agree
07/11/2020,MD,72467,,,557,0,3427,3288,139,7,0,07/13/2020 12:00:00 AM,N/A,Agree
06/08/2021,MD,460737,,,78,0,9708,9491,217,2,0,06/10/2021 12:00:00 AM,N/A,Agree
10/30/2021,MD,560634,,,871,0,10911,10681,230,16,0,11/01/2021 12:00:00 AM,N/A,Agree
11/27/2020,MD,192858,,,2378,0,4766,4595,171,31,0,11/29/2020 12:00:00 AM,N/A,Agree
04/24/2020,MD,16616,,,879,0,844,802,42,54,2,05/11/2022 04:48:19 PM,N/A,Agree
02/04/2020,MD,0,,,0,0,0,0,0,0,0,02/06/2020 12:00:00 AM,N/A,Agree
11/01/2020,MD,146145,,,864,0,4298,4137,161,8,0,11/03/2020 12:00:00 AM,N/A,Agree
05/11/2021,MD,453800,,,399,0,9476,9262,214,7,0,05/13/2021 12:00:00 AM,N/A,Agree
09/04/2020,MD,110831,,,819,0,3915,3760,155,14,0,09/06/2020 12:00:00 AM,N/A,Agree
04/20/2020,MD,13684,,,854,0,636,604,32,45,1,04/22/2020 12:00:00 AM,N/A,Agree
06/16/2020,MD,62409,,,377,0,3092,2962,130,23,0,06/18/2020 12:00:00 AM,N/A,Agree
07/18/2021,MD,464197,,,166,0,9816,9599,217,2,0,07/20/2021 12:00:00 AM,N/A,Agree
01/10/2022,MD,856822,,,10154,0,12366,12124,242,62,0,01/12/2022 12:00:00 AM,N/A,Agree
12/27/2021,MD,673128,,,5787,0,11737,11503,234,27,0,12/29/2021 12:00:00 AM,N/A,Agree
04/20/2021,MD,437584,,,925,0,9177,8966,211,20,0,04/22/2021 12:00:00 AM,N/A,Agree
08/13/2020,MD,98160,,,776,0,3738,3590,148,12,0,08/15/2020 12:00:00 AM,N/A,Agree
01/08/2021,MD,299606,,,3732,0,6579,6386,193,29,1,01/10/2021 12:00:00 AM,N/A,Agree
01/25/2022,MD,962190,,,2576,0,13233,12978,255,75,1,01/27/2022 12:00:00 AM,N/A,Agree
08/27/2021,MD,492547,,,1373,0,10001,9779,222,13,0,08/29/2021 12:00:00 AM,N/A,Agree
04/30/2020,MD,21742,,,893,0,1190,1130,60,70,1,05/02/2020 12:00:00 AM,N/A,Agree
12/30/2021,MD,707778,,,15452,0,11839,11602,237,32,1,01/01/2022 12:00:00 AM,N/A,Agree
08/23/2021,MD,487893,,,925,0,9969,9747,222,4,0,08/25/2021 12:00:00 AM,N/A,Agree
07/19/2020,MD,78131,,,925,0,3497,3358,139,10,0,07/21/2020 12:00:00 AM,N/A,Agree
06/04/2020,MD,55858,,,876,0,2784,2662,122,39,1,06/06/2020 12:00:00 AM,N/A,Agree
04/15/2020,MD,10032,,,560,0,427,403,24,37,1,04/17/2020 12:00:00 AM,N/A,Agree
06/29/2021,MD,462217,,,36,0,9779,9562,217,1,0,07/01/2021 12:00:00 AM,N/A,Agree
09/09/2021,MD,506464,,,907,0,10161,9938,223,11,0,09/11/2021 12:00:00 AM,N/A,Agree
12/15/2020,MD,239362,,,2401,0,5502,5318,184,52,2,12/17/2020 12:00:00 AM,N/A,Agree
05/26/2020,MD,47687,,,535,0,2453,2338,115,39,0,05/28/2020 12:00:00 AM,N/A,Agree
06/25/2020,MD,65777,,,440,0,3240,3107,133,17,1,06/27/2020 12:00:00 AM,N/A,Agree
08/01/2020,MD,89365,,,1019,0,3620,3477,143,7,0,08/03/2020 12:00:00 AM,N/A,Agree
02/15/2020,MD,0,,,0,0,0,0,0,0,0,02/17/2020 12:00:00 AM,N/A,Agree
01/21/2022,MD,947966,,,5016,0,13003,12751,252,67,0,01/23/2022 12:00:00 AM,N/A,Agree
09/08/2021,MD,505557,,,701,0,10150,9927,223,11,0,09/10/2021 12:00:00 AM,N/A,Agree
11/30/2021,MD,586143,,,1244,0,11222,10991,231,7,0,12/02/2021 12:00:00 AM,N/A,Agree
11/14/2020,MD,164090,,,2321,0,4460,4294,166,21,1,11/16/2020 12:00:00 AM,N/A,Agree
06/05/2021,MD,460471,,,132,0,9696,9479,217,6,1,06/07/2021 12:00:00 AM,N/A,Agree
03/05/2022,MD,1004290,,,0,0,14176,13913,263,0,0,03/07/2022 01:47:14 PM,N/A,Agree
04/12/2022,MD,1017926,,,456,0,14391,14127,264,6,0,04/13/2022 01:31:40 PM,N/A,Agree
07/10/2020,MD,71910,,,463,0,3420,3281,139,11,0,07/12/2020 12:00:00 AM,N/A,Agree
06/20/2020,MD,63956,,,408,0,3158,3026,132,20,0,06/22/2020 12:00:00 AM,N/A,Agree
09/03/2021,MD,501035,,,1387,0,10084,9861,223,16,0,09/05/2021 12:00:00 AM,N/A,Agree
01/11/2021,MD,309686,,,3012,0,6707,6514,193,36,0,01/13/2021 12:00:00 AM,N/A,Agree
08/30/2021,MD,495924,,,942,0,10031,9809,222,7,0,09/01/2021 12:00:00 AM,N/A,Agree
02/28/2022,MD,1002634,,,744,0,14135,13872,263,16,0,03/01/2022 03:28:54 PM,N/A,Agree
03/06/2020,MD,3,,,0,0,0,0,0,0,0,03/08/2020 12:00:00 AM,N/A,Agree
05/31/2020,MD,52778,,,763,0,2653,2533,120,28,0,06/02/2020 12:00:00 AM,N/A,Agree
11/11/2021,MD,568914,,,985,0,11039,10808,231,4,0,11/13/2021 12:00:00 AM,N/A,Agree
04/29/2021,MD,446459,,,966,0,9322,9108,214,17,0,05/01/2021 12:00:00 AM,N/A,Agree
11/23/2020,MD,183797,,,1658,0,4639,4469,170,20,1,11/25/2020 12:00:00 AM,N/A,Agree
02/05/2020,MD,0,,,0,0,0,0,0,0,0,02/07/2020 12:00:00 AM,N/A,Agree
01/25/2021,MD,343138,,,1686,0,7359,7163,196,53,0,01/27/2021 12:00:00 AM,N/A,Agree
05/14/2020,MD,35903,,,1091,0,1934,1837,97,50,2,05/16/2020 12:00:00 AM,N/A,Agree
11/05/2021,MD,564564,,,868,0,10983,10752,231,13,0,11/07/2021 12:00:00 AM,N/A,Agree
07/02/2020,MD,68423,,,505,0,3336,3199,137,15,1,07/04/2020 12:00:00 AM,N/A,Agree
09/28/2021,MD,529736,,,972,0,10446,10218,228,9,0,09/30/2021 12:00:00 AM,N/A,Agree
10/28/2020,MD,142425,,,684,0,4253,4094,159,6,0,10/30/2020 12:00:00 AM,N/A,Agree
08/10/2021,MD,475184,,,629,0,9890,9669,221,1,0,08/12/2021 12:00:00 AM,N/A,Agree
03/07/2021,MD,387319,,,709,0,8475,8271,204,17,0,03/09/2021 12:00:00 AM,N/A,Agree
09/29/2020,MD,124311,,,431,0,4067,3909,158,7,0,10/01/2020 12:00:00 AM,N/A,Agree
01/18/2021,MD,328214,,,1769,0,7029,6835,194,49,0,01/20/2021 12:00:00 AM,N/A,Agree
11/24/2020,MD,185464,,,1667,0,4672,4501,171,33,1,11/26/2020 12:00:00 AM,N/A,Agree
08/08/2020,MD,94581,,,775,0,3693,3547,146,13,1,08/10/2020 12:00:00 AM,N/A,Agree
06/06/2021,MD,460575,,,104,0,9702,9485,217,6,0,06/08/2021 12:00:00 AM,N/A,Agree
06/01/2021,MD,459995,,,101,0,9676,9462,214,3,0,06/03/2021 12:00:00 AM,N/A,Agree
09/20/2021,MD,520236,,,1139,0,10332,10105,227,18,0,09/22/2021 12:00:00 AM,N/A,Agree
04/16/2022,MD,1020351,,,0,0,14401,14137,264,0,0,04/18/2022 01:38:16 PM,N/A,Agree
09/24/2021,MD,525123,,,1363,0,10394,10167,227,9,0,09/26/2021 12:00:00 AM,N/A,Agree
09/05/2020,MD,111607,,,776,0,3920,3765,155,5,0,09/07/2020 12:00:00 AM,N/A,Agree
04/05/2021,MD,418188,,,859,0,8923,8714,209,16,1,04/07/2021 12:00:00 AM,N/A,Agree
05/04/2020,MD,26408,,,946,0,1401,1328,73,49,5,05/06/2020 12:00:00 AM,N/A,Agree
11/01/2021,MD,561718,,,448,0,10934,10704,230,13,0,11/03/2021 12:00:00 AM,N/A,Agree
04/28/2020,MD,20113,,,626,0,1063,1008,55,46,4,04/30/2020 12:00:00 AM,N/A,Agree
01/27/2020,MD,0,,,0,0,0,0,0,0,0,01/29/2020 12:00:00 AM,N/A,Agree
06/28/2020,MD,66777,,,327,0,3285,3151,134,19,0,06/30/2020 12:00:00 AM,N/A,Agree
04/13/2022,MD,1018701,,,775,0,14395,14131,264,4,0,04/14/2022 03:28:01 PM,N/A,Agree
12/28/2021,MD,680411,,,7283,0,11768,11533,235,31,1,12/30/2021 12:00:00 AM,N/A,Agree
01/24/2022,MD,959614,,,2791,0,13158,12904,254,35,0,01/26/2022 12:00:00 AM,N/A,Agree
09/23/2021,MD,523760,,,1405,0,10385,10158,227,13,0,09/25/2021 12:00:00 AM,N/A,Agree
09/25/2021,MD,526690,,,1567,0,10410,10182,228,16,1,09/27/2021 12:00:00 AM,N/A,Agree
10/26/2021,MD,557192,,,597,0,10855,10625,230,18,0,10/28/2021 12:00:00 AM,N/A,Agree
08/12/2021,MD,477117,,,1047,0,9898,9677,221,5,0,08/14/2021 12:00:00 AM,N/A,Agree
02/07/2022,MD,988147,,,796,0,13745,13486,259,21,0,02/09/2022 12:00:00 AM,N/A,Agree
10/16/2020,MD,134329,,,781,0,4170,4011,159,5,0,10/18/2020 12:00:00 AM,N/A,Agree
11/10/2021,MD,567929,,,844,0,11035,10804,231,3,0,11/12/2021 12:00:00 AM,N/A,Agree
10/27/2020,MD,141741,,,897,0,4247,4088,159,4,0,10/29/2020 12:00:00 AM,N/A,Agree
04/11/2020,MD,7694,,,726,0,261,251,10,34,0,04/13/2020 12:00:00 AM,N/A,Agree
11/03/2021,MD,562896,,,696,0,10957,10727,230,10,0,11/05/2021 12:00:00 AM,N/A,Agree
09/21/2020,MD,120568,,,412,0,4015,3858,157,7,0,09/23/2020 12:00:00 AM,N/A,Agree
01/06/2021,MD,292904,,,3146,0,6513,6321,192,45,1,01/08/2021 12:00:00 AM,N/A,Agree
02/03/2020,MD,0,,,0,0,0,0,0,0,0,02/05/2020 12:00:00 AM,N/A,Agree
06/28/2021,MD,462181,,,37,0,9778,9561,217,1,0,06/30/2021 12:00:00 AM,N/A,Agree
06/22/2020,MD,64603,,,297,0,3192,3060,132,13,0,06/24/2020 12:00:00 AM,N/A,Agree
11/28/2020,MD,194448,,,1590,0,4801,4630,171,35,0,11/30/2020 12:00:00 AM,N/A,Agree
05/02/2022,MD,1035008,,,2233,0,14477,14213,264,15,0,05/03/2022 01:21:33 PM,N/A,Agree
05/11/2022,MD,1049471,,,2210,0,14519,14254,265,9,0,05/12/2022 01:16:14 PM,N/A,Agree
11/16/2020,MD,167656,,,1726,0,4488,4322,166,16,0,11/18/2020 12:00:00 AM,N/A,Agree
12/20/2020,MD,250808,,,2054,0,5760,5574,186,51,0,12/22/2020 12:00:00 AM,N/A,Agree
08/16/2020,MD,100212,,,519,0,3762,3613,149,8,0,08/18/2020 12:00:00 AM,N/A,Agree
03/09/2022,MD,1005716,,,383,0,14229,13964,265,11,2,03/10/2022 02:27:26 PM,N/A,Agree
11/07/2020,MD,152915,,,1410,0,4361,4197,164,13,2,11/09/2020 12:00:00 AM,N/A,Agree
03/17/2020,MD,57,,,20,0,0,0,0,0,0,03/19/2020 12:00:00 AM,N/A,Agree
11/09/2021,MD,567085,,,448,0,11032,10801,231,13,0,11/11/2021 12:00:00 AM,N/A,Agree
04/04/2022,MD,1013696,,,874,0,14363,14099,264,8,0,04/05/2022 01:16:42 PM,N/A,Agree
09/21/2021,MD,521210,,,974,0,10354,10127,227,22,0,09/23/2021 12:00:00 AM,N/A,Agree
04/07/2022,MD,1015358,,,644,0,14371,14107,264,3,0,04/08/2022 01:45:38 PM,N/A,Agree
05/10/2020,MD,32587,,,1053,0,1733,1647,86,51,1,05/12/2020 12:00:00 AM,N/A,Agree
11/20/2020,MD,177086,,,2353,0,4561,4395,166,16,0,11/22/2020 12:00:00 AM,N/A,Agree
03/20/2020,MD,149,,,42,0,2,2,0,0,0,03/22/2020 12:00:00 AM,N/A,Agree
03/10/2022,MD,1006062,,,346,0,14237,13972,265,8,0,03/11/2022 03:18:11 PM,N/A,Agree
01/14/2021,MD,317815,,,2948,0,6846,6653,193,35,0,01/16/2021 12:00:00 AM,N/A,Agree
03/13/2021,MD,392581,,,1101,0,8571,8367,204,9,0,03/15/2021 12:00:00 AM,N/A,Agree
09/10/2021,MD,508017,,,1553,0,10178,9955,223,17,0,09/12/2021 12:00:00 AM,N/A,Agree
04/17/2021,MD,434859,,,1500,0,9123,8913,210,11,0,04/19/2021 12:00:00 AM,N/A,Agree
05/29/2020,MD,50988,,,1279,0,2585,2466,119,45,1,05/31/2020 12:00:00 AM,N/A,Agree
03/22/2021,MD,400705,,,682,0,8721,8514,207,16,0,03/24/2021 12:00:00 AM,N/A,Agree
12/22/2020,MD,255397,,,2324,0,5840,5654,186,50,0,12/24/2020 12:00:00 AM,N/A,Agree
12/31/2020,MD,276662,,,2973,0,6257,6067,190,49,0,01/02/2021 12:00:00 AM,N/A,Agree
01/19/2021,MD,330186,,,1972,0,7083,6888,195,54,1,01/21/2021 12:00:00 AM,N/A,Agree
05/05/2022,MD,1039776,,,1913,0,14486,14221,265,4,0,05/06/2022 01:14:55 PM,N/A,Agree
03/08/2020,MD,5,,,2,0,0,0,0,0,0,03/10/2020 12:00:00 AM,N/A,Agree
10/10/2020,MD,130795,,,636,0,4136,3977,159,8,0,10/12/2020 12:00:00 AM,N/A,Agree
09/01/2020,MD,108863,,,614,0,3886,3732,154,3,0,09/03/2020 12:00:00 AM,N/A,Agree
02/12/2022,MD,992510,,,941,0,13905,13646,259,0,0,02/14/2022 12:00:00 AM,N/A,Agree
12/26/2021,MD,667341,,,6200,0,11710,11476,234,30,0,12/28/2021 12:00:00 AM,N/A,Agree
07/17/2021,MD,464031,,,183,0,9814,9597,217,3,0,07/19/2021 12:00:00 AM,N/A,Agree
07/06/2020,MD,69904,,,272,0,3377,3238,139,7,0,07/08/2020 12:00:00 AM,N/A,Agree
01/22/2020,MD,0,,,0,0,0,0,0,0,0,01/24/2020 12:00:00 AM,N/A,Agree
04/10/2021,MD,425247,,,1584,0,9010,8801,209,19,0,04/12/2021 12:00:00 AM,N/A,Agree
02/26/2021,MD,380436,,,970,0,8353,8149,204,30,0,02/28/2021 12:00:00 AM,N/A,Agree
05/29/2021,MD,459528,,,185,0,9658,9444,214,6,0,05/31/2021 12:00:00 AM,N/A,Agree
04/08/2022,MD,1016029,,,671,0,14377,14113,264,6,0,04/09/2022 01:34:03 PM,N/A,Agree
10/16/2021,MD,549679,,,936,0,10725,10495,230,15,0,10/18/2021 12:00:00 AM,N/A,Agree
01/31/2022,MD,977568,,,1125,0,13484,13227,257,19,0,02/02/2022 12:00:00 AM,N/A,Agree
09/15/2021,MD,513929,,,1189,0,10256,10030,226,16,1,09/17/2021 12:00:00 AM,N/A,Agree
03/12/2022,MD,1006432,,,0,0,14249,13984,265,0,0,03/14/2022 12:45:51 PM,N/A,Agree
07/04/2020,MD,69341,,,380,0,3362,3223,139,18,1,07/06/2020 12:00:00 AM,N/A,Agree
06/29/2020,MD,67254,,,477,0,3291,3157,134,6,0,07/01/2020 12:00:00 AM,N/A,Agree
08/04/2020,MD,91854,,,710,0,3652,3507,145,10,0,08/06/2020 12:00:00 AM,N/A,Agree
05/24/2021,MD,458520,,,228,0,9614,9400,214,3,0,05/26/2021 12:00:00 AM,N/A,Agree
01/15/2021,MD,320739,,,2924,0,6897,6704,193,51,0,01/17/2021 12:00:00 AM,N/A,Agree
02/28/2020,MD,0,,,0,0,0,0,0,0,0,03/01/2020 12:00:00 AM,N/A,Agree
08/27/2020,MD,106063,,,577,0,3846,3693,153,9,0,08/29/2020 12:00:00 AM,N/A,Agree
09/01/2021,MD,498376,,,1374,0,10057,9835,222,13,0,09/03/2021 12:00:00 AM,N/A,Agree
01/26/2021,MD,344620,,,1482,0,7407,7210,197,48,1,01/28/2021 12:00:00 AM,N/A,Agree
08/31/2020,MD,108249,,,458,0,3883,3729,154,8,0,09/02/2020 12:00:00 AM,N/A,Agree
11/26/2020,MD,190480,,,2319,0,4735,4564,171,34,0,11/28/2020 12:00:00 AM,N/A,Agree
09/12/2021,MD,510543,,,1150,0,10211,9987,224,18,0,09/14/2021 12:00:00 AM,N/A,Agree
03/10/2020,MD,9,,,3,0,0,0,0,0,0,03/12/2020 12:00:00 AM,N/A,Agree
03/29/2022,MD,1011498,,,287,0,14343,14079,264,12,0,03/30/2022 02:13:09 PM,N/A,Agree
01/31/2021,MD,354473,,,1747,0,7588,7390,198,36,0,02/02/2021 12:00:00 AM,N/A,Agree
09/20/2020,MD,120156,,,412,0,4008,3851,157,6,0,09/22/2020 12:00:00 AM,N/A,Agree
08/06/2020,MD,93005,,,579,0,3670,3525,145,9,0,08/08/2020 12:00:00 AM,N/A,Agree
10/21/2021,MD,553593,,,1069,0,10794,10564,230,11,0,10/23/2021 12:00:00 AM,N/A,Agree
12/07/2020,MD,217329,,,2302,0,5119,4941,178,41,1,12/09/2020 12:00:00 AM,N/A,Agree
02/03/2022,MD,982798,,,2173,0,13611,13353,258,39,2,02/05/2022 12:00:00 AM,N/A,Agree
03/24/2022,MD,1009705,,,0,0,14316,14052,264,2,2,03/25/2022 01:28:21 PM,N/A,Agree
04/21/2022,MD,1024920,,,1015,0,14422,14158,264,4,0,04/22/2022 02:15:21 PM,N/A,Agree
07/01/2021,MD,462354,,,75,0,9783,9566,217,4,0,07/03/2021 12:00:00 AM,N/A,Agree
02/06/2022,MD,987351,,,1166,0,13724,13465,259,33,0,02/08/2022 12:00:00 AM,N/A,Agree
02/25/2020,MD,0,,,0,0,0,0,0,0,0,02/27/2020 12:00:00 AM,N/A,Agree
02/15/2021,MD,371705,,,722,0,8079,7876,203,34,1,02/17/2021 12:00:00 AM,N/A,Agree
12/13/2021,MD,604385,,,1451,0,11392,11159,233,12,0,12/15/2021 12:00:00 AM,N/A,Agree
10/21/2020,MD,137236,,,492,0,4206,4047,159,12,0,10/23/2020 12:00:00 AM,N/A,Agree
12/06/2021,MD,594671,,,980,0,11294,11062,232,12,0,12/08/2021 12:00:00 AM,N/A,Agree
06/20/2021,MD,461739,,,42,0,9754,9537,217,2,0,06/22/2021 12:00:00 AM,N/A,Agree
12/02/2020,MD,203355,,,2220,0,4934,4760,174,43,1,12/04/2020 12:00:00 AM,N/A,Agree
05/08/2020,MD,30485,,,1111,0,1616,1533,83,61,4,05/10/2020 12:00:00 AM,N/A,Agree
06/27/2020,MD,66450,,,335,0,3266,3132,134,14,0,06/29/2020 12:00:00 AM,N/A,Agree
02/06/2021,MD,362084,,,1500,0,7789,7588,201,35,0,02/08/2021 12:00:00 AM,N/A,Agree
11/22/2021,MD,578851,,,832,0,11147,10916,231,9,0,11/24/2021 12:00:00 AM,N/A,Agree
09/04/2021,MD,502229,,,1194,0,10098,9875,223,14,0,09/06/2021 12:00:00 AM,N/A,Agree
01/08/2022,MD,828793,,,13770,0,12250,12008,242,57,2,01/10/2022 12:00:00 AM,N/A,Agree
07/13/2020,MD,73527,,,418,0,3447,3308,139,7,0,07/15/2020 12:00:00 AM,N/A,Agree
04/19/2020,MD,12830,,,522,0,591,560,31,43,4,04/21/2020 12:00:00 AM,N/A,Agree
08/15/2021,MD,479952,,,869,0,9911,9690,221,3,0,08/17/2021 12:00:00 AM,N/A,Agree
11/13/2021,MD,570806,,,983,0,11072,10841,231,20,0,11/15/2021 12:00:00 AM,N/A,Agree
10/22/2020,MD,137979,,,743,0,4214,4055,159,8,0,10/24/2020 12:00:00 AM,N/A,Agree
03/15/2020,MD,31,,,5,0,0,0,0,0,0,03/17/2020 12:00:00 AM,N/A,Agree
01/30/2020,MD,0,,,0,0,0,0,0,0,0,02/01/2020 12:00:00 AM,N/A,Agree
03/03/2022,MD,1003908,,,398,0,14171,13908,263,11,0,03/04/2022 03:15:42 PM,N/A,Agree
08/22/2021,MD,486968,,,990,0,9965,9743,222,7,0,08/24/2021 12:00:00 AM,N/A,Agree
03/14/2022,MD,1007040,,,404,0,14271,14006,265,10,0,03/15/2022 01:23:04 PM,N/A,Agree
11/24/2021,MD,580496,,,905,0,11165,10934,231,8,0,11/26/2021 12:00:00 AM,N/A,Agree
07/03/2020,MD,68961,,,538,0,3344,3206,138,8,1,07/05/2020 12:00:00 AM,N/A,Agree
03/05/2020,MD,3,,,3,0,0,0,0,0,0,03/07/2020 12:00:00 AM,N/A,Agree
09/14/2020,MD,116646,,,536,0,3965,3809,156,3,0,09/16/2020 12:00:00 AM,N/A,Agree
01/13/2022,MD,890061,,,11231,0,12545,12300,245,62,1,01/15/2022 12:00:00 AM,N/A,Agree
10/18/2021,MD,551264,,,714,0,10749,10519,230,12,0,10/20/2021 12:00:00 AM,N/A,Agree
08/03/2021,MD,469910,,,368,0,9860,9640,220,5,0,08/05/2021 12:00:00 AM,N/A,Agree
08/30/2020,MD,107791,,,497,0,3875,3721,154,6,0,09/01/2020 12:00:00 AM,N/A,Agree
09/18/2021,MD,518061,,,1277,0,10300,10073,227,18,1,09/20/2021 12:00:00 AM,N/A,Agree
01/09/2021,MD,303364,,,3758,0,6627,6434,193,48,0,01/11/2021 12:00:00 AM,N/A,Agree
03/23/2020,MD,288,,,44,0,5,5,0,1,0,03/25/2020 12:00:00 AM,N/A,Agree
02/02/2021,MD,356541,,,905,0,7651,7451,200,32,1,02/04/2021 12:00:00 AM,N/A,Agree
05/17/2022,MD,1062235,,,1992,0,14545,14280,265,3,0,05/18/2022 01:45:25 PM,N/A,Agree
01/14/2022,MD,900559,,,10498,0,12604,12357,247,59,2,01/16/2022 12:00:00 AM,N/A,Agree
12/02/2021,MD,589113,,,1828,0,11241,11010,231,7,0,12/04/2021 12:00:00 AM,N/A,Agree
06/13/2021,MD,461265,,,82,0,9730,9513,217,2,0,06/15/2021 12:00:00 AM,N/A,Agree
06/22/2021,MD,461828,,,49,0,9764,9547,217,6,0,06/24/2021 12:00:00 AM,N/A,Agree
03/20/2021,MD,399016,,,1118,0,8687,8480,207,19,0,03/22/2021 12:00:00 AM,N/A,Agree
07/28/2020,MD,85524,,,648,0,3579,3437,142,10,0,07/30/2020 12:00:00 AM,N/A,Agree
08/21/2021,MD,485978,,,1131,0,9958,9736,222,8,0,08/23/2021 12:00:00 AM,N/A,Agree
08/15/2020,MD,99693,,,818,0,3754,3605,149,6,0,08/17/2020 12:00:00 AM,N/A,Agree
07/23/2021,MD,465326,,,288,0,9830,9611,219,4,1,07/25/2021 12:00:00 AM,N/A,Agree
03/21/2020,MD,190,,,41,0,4,4,0,2,0,03/23/2020 12:00:00 AM,N/A,Agree
07/31/2020,MD,88346,,,1169,0,3613,3470,143,11,1,08/02/2020 12:00:00 AM,N/A,Agree
01/26/2020,MD,0,,,0,0,0,0,0,0,0,01/28/2020 12:00:00 AM,N/A,Agree
10/12/2020,MD,131861,,,504,0,4147,3988,159,6,0,10/14/2020 12:00:00 AM,N/A,Agree
01/30/2021,MD,352726,,,2097,0,7552,7354,198,31,0,02/01/2021 12:00:00 AM,N/A,Agree
08/01/2021,MD,469095,,,547,0,9854,9634,220,5,0,08/03/2021 12:00:00 AM,N/A,Agree
02/05/2021,MD,360584,,,1547,0,7754,7553,201,31,0,02/07/2021 12:00:00 AM,N/A,Agree
02/14/2021,MD,370983,,,847,0,8045,7843,202,26,0,02/16/2021 12:00:00 AM,N/A,Agree
08/05/2021,MD,471334,,,729,0,9867,9647,220,4,0,08/07/2021 12:00:00 AM,N/A,Agree
07/12/2020,MD,73109,,,642,0,3440,3301,139,13,0,07/14/2020 12:00:00 AM,N/A,Agree
06/23/2020,MD,65007,,,404,0,3208,3076,132,16,0,06/25/2020 12:00:00 AM,N/A,Agree
01/03/2021,MD,285319,,,2148,0,6386,6196,190,44,0,01/05/2021 12:00:00 AM,N/A,Agree
09/12/2020,MD,115533,,,809,0,3958,3802,156,4,0,09/14/2020 12:00:00 AM,N/A,Agree
01/20/2021,MD,332353,,,2167,0,7132,6937,195,49,0,01/22/2021 12:00:00 AM,N/A,Agree
08/10/2020,MD,96258,,,755,0,3708,3560,148,5,0,08/12/2020 12:00:00 AM,N/A,Agree
09/06/2020,MD,112119,,,512,0,3927,3772,155,7,0,09/08/2020 12:00:00 AM,N/A,Agree
12/25/2021,MD,661141,,,9933,0,11680,11446,234,25,0,12/27/2021 12:00:00 AM,N/A,Agree
12/18/2020,MD,246553,,,2569,0,5651,5465,186,45,0,12/20/2020 12:00:00 AM,N/A,Agree
01/07/2021,MD,295874,,,2970,0,6550,6358,192,37,0,01/09/2021 12:00:00 AM,N/A,Agree
04/12/2020,MD,8225,,,531,0,304,293,11,43,1,04/14/2020 12:00:00 AM,N/A,Agree
01/19/2022,MD,933716,,,4353,0,12866,12614,252,36,3,01/21/2022 12:00:00 AM,N/A,Agree
05/12/2021,MD,454271,,,471,0,9486,9272,214,10,0,05/14/2021 12:00:00 AM,N/A,Agree
11/14/2021,MD,571625,,,819,0,11079,10848,231,7,0,11/16/2021 12:00:00 AM,N/A,Agree
08/20/2020,MD,102229,,,580,0,3786,3637,149,5,0,08/22/2020 12:00:00 AM,N/A,Agree
05/23/2020,MD,45495,,,1071,0,2342,2233,109,56,0,05/25/2020 12:00:00 AM,N/A,Agree
06/08/2020,MD,58404,,,431,0,2902,2777,125,27,0,06/10/2020 12:00:00 AM,N/A,Agree
02/19/2021,MD,374974,,,1008,0,8179,7975,204,24,1,02/21/2021 12:00:00 AM,N/A,Agree
06/10/2021,MD,460984,,,121,0,9719,9502,217,5,0,06/12/2021 12:00:00 AM,N/A,Agree
07/20/2020,MD,78685,,,554,0,3508,3369,139,11,0,07/22/2020 12:00:00 AM,N/A,Agree
01/31/2020,MD,0,,,0,0,0,0,0,0,0,02/02/2020 12:00:00 AM,N/A,Agree
12/04/2021,MD,592679,,,1866,0,11264,11032,232,15,1,12/06/2021 12:00:00 AM,N/A,Agree
10/03/2021,MD,536249,,,1092,0,10512,10284,228,12,0,10/05/2021 12:00:00 AM,N/A,Agree
01/28/2021,MD,348749,,,2190,0,7487,7289,198,43,0,01/30/2021 12:00:00 AM,N/A,Agree
12/23/2021,MD,640572,,,7526,0,11628,11394,234,28,0,12/25/2021 12:00:00 AM,N/A,Agree
07/27/2021,MD,466514,,,309,0,9835,9616,219,1,0,07/29/2021 12:00:00 AM,N/A,Agree
04/15/2022,MD,1020351,,,864,0,14401,14137,264,3,0,04/16/2022 01:28:29 PM,N/A,Agree
07/09/2020,MD,71447,,,586,0,3409,3270,139,6,0,07/11/2020 12:00:00 AM,N/A,Agree
11/17/2021,MD,573835,,,791,0,11108,10877,231,12,0,11/19/2021 12:00:00 AM,N/A,Agree
09/28/2020,MD,123880,,,477,0,4060,3902,158,5,0,09/30/2020 12:00:00 AM,N/A,Agree
05/10/2021,MD,453401,,,276,0,9469,9255,214,14,0,05/12/2021 12:00:00 AM,N/A,Agree
11/06/2021,MD,565355,,,791,0,10990,10759,231,7,0,11/08/2021 12:00:00 AM,N/A,Agree
04/13/2020,MD,8936,,,711,0,341,324,17,37,6,04/15/2020 12:00:00 AM,N/A,Agree
06/11/2021,MD,461097,,,113,0,9725,9508,217,6,0,06/13/2021 12:00:00 AM,N/A,Agree
12/09/2021,MD,598588,,,1520,0,11332,11099,233,18,1,12/11/2021 12:00:00 AM,N/A,Agree
02/24/2022,MD,1000562,,,672,0,14091,13828,263,15,0,02/25/2022 03:09:12 PM,N/A,Agree
08/02/2021,MD,469542,,,447,0,9855,9635,220,1,0,08/04/2021 12:00:00 AM,N/A,Agree
11/25/2021,MD,581611,,,1115,0,11173,10942,231,8,0,11/27/2021 12:00:00 AM,N/A,Agree
04/14/2022,MD,1019487,,,786,0,14398,14134,264,3,0,04/15/2022 01:23:20 PM,N/A,Agree
10/11/2021,MD,545028,,,809,0,10649,10419,230,24,2,10/13/2021 12:00:00 AM,N/A,Agree
09/30/2020,MD,124725,,,414,0,4070,3912,158,3,0,10/02/2020 12:00:00 AM,N/A,Agree
05/30/2021,MD,459777,,,249,0,9668,9454,214,10,0,06/01/2021 12:00:00 AM,N/A,Agree
07/02/2021,MD,462439,,,85,0,9788,9571,217,5,0,07/04/2021 12:00:00 AM,N/A,Agree
06/27/2021,MD,462144,,,66,0,9777,9560,217,3,0,06/29/2021 12:00:00 AM,N/A,Agree
02/18/2022,MD,997047,,,865,0,14003,13741,262,15,1,02/19/2022 02:20:06 PM,N/A,Agree
09/26/2021,MD,527804,,,1114,0,10430,10202,228,20,0,09/28/2021 12:00:00 AM,N/A,Agree
09/08/2020,MD,113239,,,356,0,3933,3778,155,4,0,09/10/2020 12:00:00 AM,N/A,Agree
12/27/2020,MD,267198,,,1758,0,6061,5872,189,52,0,12/29/2020 12:00:00 AM,N/A,Agree
03/19/2022,MD,1008536,,,0,0,14293,14029,264,0,0,03/21/2022 12:27:07 PM,N/A,Agree
10/11/2020,MD,131357,,,562,0,4141,3982,159,5,0,10/13/2020 12:00:00 AM,N/A,Agree
02/11/2021,MD,367865,,,1199,0,7962,7761,201,33,0,02/13/2021 12:00:00 AM,N/A,Agree
11/11/2020,MD,158423,,,1714,0,4410,4245,165,15,0,11/13/2020 12:00:00 AM,N/A,Agree
01/18/2022,MD,929363,,,3434,0,12830,12581,249,44,0,01/20/2022 12:00:00 AM,N/A,Agree
09/29/2021,MD,530861,,,1125,0,10455,10227,228,9,0,10/01/2021 12:00:00 AM,N/A,Agree
09/11/2021,MD,509393,,,1376,0,10193,9969,224,15,1,09/13/2021 12:00:00 AM,N/A,Agree
02/11/2020,MD,0,,,0,0,0,0,0,0,0,02/13/2020 12:00:00 AM,N/A,Agree
07/28/2021,MD,466930,,,416,0,9837,9618,219,2,0,07/30/2021 12:00:00 AM,N/A,Agree
11/25/2020,MD,188161,,,2697,0,4701,4530,171,29,0,11/27/2020 12:00:00 AM,N/A,Agree
10/25/2021,MD,556595,,,512,0,10837,10607,230,7,0,10/27/2021 12:00:00 AM,N/A,Agree
02/21/2021,MD,376355,,,618,0,8233,8029,204,26,0,02/23/2021 12:00:00 AM,N/A,Agree
02/19/2022,MD,997047,,,0,0,14003,13741,262,0,0,02/21/2022 08:09:45 PM,N/A,Agree
09/22/2021,MD,522355,,,1145,0,10372,10145,227,18,0,09/24/2021 12:00:00 AM,N/A,Agree
08/14/2020,MD,98875,,,715,0,3748,3599,149,10,1,08/16/2020 12:00:00 AM,N/A,Agree
08/26/2021,MD,491174,,,1244,0,9988,9766,222,2,0,08/28/2021 12:00:00 AM,N/A,Agree
05/02/2021,MD,448989,,,649,0,9372,9158,214,13,0,05/04/2021 12:00:00 AM,N/A,Agree
07/22/2020,MD,80172,,,627,0,3525,3386,139,10,0,07/24/2020 12:00:00 AM,N/A,Agree
12/05/2021,MD,593691,,,1012,0,11282,11050,232,18,0,12/07/2021 12:00:00 AM,N/A,Agree
05/13/2022,MD,1054547,,,2609,0,14524,14259,265,4,0,05/14/2022 01:28:26 PM,N/A,Agree
04/26/2021,MD,443814,,,557,0,9274,9060,214,11,0,04/28/2021 12:00:00 AM,N/A,Agree
03/21/2021,MD,400023,,,1007,0,8705,8498,207,18,0,03/23/2021 12:00:00 AM,N/A,Agree
07/24/2020,MD,81766,,,930,0,3540,3400,140,9,0,07/26/2020 12:00:00 AM,N/A,Agree
06/17/2020,MD,62969,,,560,0,3107,2975,132,15,2,06/19/2020 12:00:00 AM,N/A,Agree
04/06/2022,MD,1014714,,,491,0,14368,14104,264,3,0,04/07/2022 02:35:23 PM,N/A,Agree
05/27/2021,MD,459095,,,217,0,9642,9428,214,9,0,05/29/2021 12:00:00 AM,N/A,Agree
12/14/2020,MD,236961,,,2314,0,5450,5268,182,40,0,12/16/2020 12:00:00 AM,N/A,Agree
05/02/2020,MD,24473,,,1001,0,1304,1239,65,52,3,05/04/2020 12:00:00 AM,N/A,Agree
02/09/2020,MD,0,,,0,0,0,0,0,0,0,02/11/2020 12:00:00 AM,N/A,Agree
12/10/2021,MD,600333,,,1745,0,11359,11126,233,27,0,12/12/2021 12:00:00 AM,N/A,Agree
11/06/2020,MD,151505,,,1541,0,4348,4186,162,14,0,11/08/2020 12:00:00 AM,N/A,Agree
01/24/2020,MD,0,,,0,0,0,0,0,0,0,01/26/2020 12:00:00 AM,N/A,Agree
01/29/2020,MD,0,,,0,0,0,0,0,0,0,01/31/2020 12:00:00 AM,N/A,Agree
10/07/2021,MD,540451,,,1398,0,10578,10350,228,15,0,10/09/2021 12:00:00 AM,N/A,Agree
06/26/2020,MD,66115,,,338,0,3252,3118,134,12,1,06/28/2020 12:00:00 AM,N/A,Agree
03/18/2021,MD,396746,,,1113,0,8655,8449,206,15,0,03/20/2021 12:00:00 AM,N/A,Agree
09/11/2020,MD,114724,,,646,0,3954,3798,156,10,0,09/13/2020 12:00:00 AM,N/A,Agree
07/03/2021,MD,462535,,,96,0,9790,9573,217,2,0,07/05/2021 12:00:00 AM,N/A,Agree
07/27/2020,MD,84876,,,1128,0,3569,3427,142,8,1,07/29/2020 12:00:00 AM,N/A,Agree
12/03/2021,MD,590813,,,1700,0,11249,11018,231,8,0,12/05/2021 12:00:00 AM,N/A,Agree
08/12/2020,MD,97384,,,541,0,3726,3578,148,6,0,08/14/2020 12:00:00 AM,N/A,Agree
04/14/2021,MD,430351,,,1552,0,9081,8871,210,15,0,04/16/2021 12:00:00 AM,N/A,Agree
02/17/2021,MD,372980,,,759,0,8128,7925,203,27,0,02/19/2021 12:00:00 AM,N/A,Agree
04/30/2021,MD,447401,,,942,0,9343,9129,214,21,0,05/02/2021 12:00:00 AM,N/A,Agree
04/10/2020,MD,6968,,,783,0,227,217,10,29,0,04/12/2020 12:00:00 AM,N/A,Agree
06/21/2021,MD,461779,,,40,0,9758,9541,217,4,0,06/23/2021 12:00:00 AM,N/A,Agree
01/30/2022,MD,976443,,,2007,0,13465,13208,257,33,0,02/01/2022 12:00:00 AM,N/A,Agree
06/03/2020,MD,54982,,,807,0,2745,2624,121,26,1,06/05/2020 12:00:00 AM,N/A,Agree
11/23/2021,MD,579591,,,740,0,11157,10926,231,10,0,11/25/2021 12:00:00 AM,N/A,Agree
10/30/2020,MD,144314,,,927,0,4279,4119,160,13,0,11/01/2020 12:00:00 AM,N/A,Agree
01/15/2022,MD,910921,,,10362,0,12669,12420,249,65,2,01/17/2022 12:00:00 AM,N/A,Agree
03/28/2022,MD,1011211,,,489,0,14331,14067,264,5,0,03/29/2022 01:30:11 PM,N/A,Agree
02/25/2022,MD,1001509,,,947,0,14105,13842,263,14,0,02/26/2022 02:15:52 PM,N/A,Agree
05/01/2022,MD,1032775,,,0,0,14462,14198,264,0,0,05/02/2022 01:46:11 PM,N/A,Agree
03/22/2022,MD,1009343,,,246,0,14311,14047,264,8,0,03/23/2022 03:04:18 PM,N/A,Agree
11/18/2020,MD,171823,,,2018,0,4523,4357,166,19,0,11/20/2020 12:00:00 AM,N/A,Agree
01/22/2021,MD,336915,,,2396,0,7222,7027,195,44,0,01/24/2021 12:00:00 AM,N/A,Agree
02/27/2021,MD,381272,,,836,0,8368,8164,204,15,0,03/01/2021 12:00:00 AM,N/A,Agree
03/11/2022,MD,1006432,,,370,0,14249,13984,265,12,0,03/12/2022 02:36:52 PM,N/A,Agree
04/16/2021,MD,433359,,,1564,0,9112,8902,210,11,0,04/18/2021 12:00:00 AM,N/A,Agree
01/27/2022,MD,968731,,,3440,0,13334,13078,256,54,0,01/29/2022 12:00:00 AM,N/A,Agree
04/15/2021,MD,431795,,,1444,0,9101,8891,210,20,0,04/17/2021 12:00:00 AM,N/A,Agree
07/12/2021,MD,463265,,,79,0,9800,9583,217,0,0,07/14/2021 12:00:00 AM,N/A,Agree
12/26/2020,MD,265440,,,2280,0,6009,5820,189,35,1,12/28/2020 12:00:00 AM,N/A,Agree
12/01/2020,MD,201135,,,2765,0,4891,4718,173,33,0,12/03/2020 12:00:00 AM,N/A,Agree
11/02/2020,MD,146995,,,850,0,4304,4142,162,6,1,11/04/2020 12:00:00 AM,N/A,Agree
06/17/2021,MD,461549,,,79,0,9743,9526,217,3,0,06/19/2021 12:00:00 AM,N/A,Agree
05/21/2021,MD,457527,,,443,0,9595,9381,214,17,0,05/23/2021 12:00:00 AM,N/A,Agree
12/24/2021,MD,651208,,,10636,0,11655,11421,234,27,0,12/26/2021 12:00:00 AM,N/A,Agree
02/14/2020,MD,0,,,0,0,0,0,0,0,0,02/16/2020 12:00:00 AM,N/A,Agree
12/08/2020,MD,219961,,,2632,0,5165,4985,180,46,2,12/10/2020 12:00:00 AM,N/A,Agree
10/04/2020,MD,127290,,,471,0,4092,3933,159,3,0,10/06/2020 12:00:00 AM,N/A,Agree
03/11/2021,MD,390490,,,924,0,8549,8345,204,19,0,03/13/2021 12:00:00 AM,N/A,Agree
12/13/2020,MD,234647,,,2638,0,5410,5228,182,50,0,12/15/2020 12:00:00 AM,N/A,Agree
02/03/2021,MD,357483,,,942,0,7670,7469,201,19,1,02/05/2021 12:00:00 AM,N/A,Agree
02/04/2022,MD,984492,,,1694,0,13655,13397,258,44,0,02/06/2022 12:00:00 AM,N/A,Agree
05/15/2021,MD,455635,,,378,0,9531,9317,214,11,0,05/17/2021 12:00:00 AM,N/A,Agree
09/07/2021,MD,504856,,,795,0,10139,9916,223,14,0,09/09/2021 12:00:00 AM,N/A,Agree
12/24/2020,MD,260728,,,2866,0,5931,5744,187,42,0,12/26/2020 12:00:00 AM,N/A,Agree
12/21/2020,MD,253073,,,2265,0,5790,5604,186,30,0,12/23/2020 12:00:00 AM,N/A,Agree
02/15/2022,MD,994577,,,924,0,13965,13705,260,40,1,02/16/2022 03:00:19 PM,N/A,Agree
01/29/2022,MD,974436,,,2527,0,13432,13175,257,45,1,01/31/2022 12:00:00 AM,N/A,Agree
03/30/2021,MD,409978,,,903,0,8821,8613,208,9,0,04/01/2021 12:00:00 AM,N/A,Agree
02/29/2020,MD,0,,,0,0,0,0,0,0,0,03/02/2020 12:00:00 AM,N/A,Agree
03/18/2022,MD,1008536,,,358,0,14293,14029,264,7,0,03/19/2022 01:30:21 PM,N/A,Agree
05/01/2021,MD,448340,,,939,0,9359,9145,214,16,0,05/03/2021 12:00:00 AM,N/A,Agree
01/13/2021,MD,314867,,,2516,0,6811,6618,193,56,0,01/15/2021 12:00:00 AM,N/A,Agree
02/10/2020,MD,0,,,0,0,0,0,0,0,0,02/12/2020 12:00:00 AM,N/A,Agree
01/21/2021,MD,334519,,,2166,0,7178,6983,195,46,0,01/23/2021 12:00:00 AM,N/A,Agree
02/04/2021,MD,359037,,,1554,0,7723,7522,201,53,0,02/06/2021 12:00:00 AM,N/A,Agree
08/29/2021,MD,494982,,,1067,0,10024,9802,222,8,0,08/31/2021 12:00:00 AM,N/A,Agree
03/03/2020,MD,0,,,0,0,0,0,0,0,0,03/05/2020 12:00:00 AM,N/A,Agree
04/25/2020,MD,17766,,,1150,0,912,866,46,68,4,05/11/2022 04:48:19 PM,N/A,Agree
02/08/2020,MD,0,,,0,0,0,0,0,0,0,02/10/2020 12:00:00 AM,N/A,Agree
07/21/2021,MD,464735,,,244,0,9825,9607,218,3,0,07/23/2021 12:00:00 AM,N/A,Agree
03/31/2021,MD,411344,,,1366,0,8838,8630,208,17,0,04/02/2021 12:00:00 AM,N/A,Agree
02/17/2022,MD,996182,,,854,0,13988,13727,261,7,0,02/18/2022 02:18:41 PM,N/A,Agree
04/11/2021,MD,426730,,,1483,0,9032,8822,210,22,1,04/13/2021 12:00:00 AM,N/A,Agree
04/22/2022,MD,1025925,,,1005,0,14425,14161,264,3,0,04/23/2022 01:21:45 PM,N/A,Agree
06/30/2021,MD,462279,,,62,0,9779,9562,217,0,0,07/02/2021 12:00:00 AM,N/A,Agree
02/16/2020,MD,0,,,0,0,0,0,0,0,0,02/18/2020 12:00:00 AM,N/A,Agree
10/15/2020,MD,133548,,,630,0,4165,4006,159,5,0,10/17/2020 12:00:00 AM,N/A,Agree
04/02/2021,MD,414385,,,1457,0,8876,8668,208,18,0,04/04/2021 12:00:00 AM,N/A,Agree
08/28/2021,MD,493915,,,1368,0,10016,9794,222,15,0,08/30/2021 12:00:00 AM,N/A,Agree
04/10/2022,MD,1016029,,,0,0,14377,14113,264,0,0,04/11/2022 02:08:38 PM,N/A,Agree
10/31/2021,MD,561270,,,636,0,10921,10691,230,10,0,11/02/2021 12:00:00 AM,N/A,Agree
12/29/2020,MD,271061,,,1878,0,6156,5967,189,53,0,12/31/2020 12:00:00 AM,N/A,Agree
04/21/2020,MD,14193,,,509,0,691,655,36,55,4,04/23/2020 12:00:00 AM,N/A,Agree
11/22/2020,MD,182139,,,2168,0,4619,4450,169,37,1,11/24/2020 12:00:00 AM,N/A,Agree
03/30/2020,MD,1413,,,174,0,27,26,1,8,1,04/01/2020 12:00:00 AM,N/A,Agree
09/19/2021,MD,519097,,,1036,0,10314,10087,227,14,0,09/21/2021 12:00:00 AM,N/A,Agree
03/08/2021,MD,388035,,,716,0,8491,8287,204,16,0,03/10/2021 12:00:00 AM,N/A,Agree
07/10/2021,MD,463107,,,127,0,9799,9582,217,0,0,07/12/2021 12:00:00 AM,N/A,Agree
05/11/2020,MD,33373,,,786,0,1781,1691,90,48,4,05/13/2020 12:00:00 AM,N/A,Agree
04/24/2022,MD,1025925,,,0,0,14425,14161,264,0,0,04/25/2022 01:33:47 PM,N/A,Agree
05/04/2022,MD,1037863,,,2855,0,14482,14217,265,5,1,05/05/2022 01:33:26 PM,N/A,Agree
07/08/2021,MD,462835,,,99,0,9797,9580,217,2,0,07/10/2021 12:00:00 AM,N/A,Agree
10/20/2020,MD,136744,,,590,0,4194,4035,159,6,0,10/22/2020 12:00:00 AM,N/A,Agree
07/21/2020,MD,79545,,,860,0,3515,3376,139,7,0,07/23/2020 12:00:00 AM,N/A,Agree
09/15/2020,MD,117245,,,599,0,3974,3818,156,9,0,09/17/2020 12:00:00 AM,N/A,Agree
03/12/2020,MD,12,,,0,0,0,0,0,0,0,03/14/2020 12:00:00 AM,N/A,Agree
05/30/2020,MD,52015,,,1027,0,2625,2505,120,40,1,06/01/2020 12:00:00 AM,N/A,Agree
01/17/2022,MD,925929,,,6793,0,12786,12537,249,52,0,01/19/2022 12:00:00 AM,N/A,Agree
03/31/2020,MD,1660,,,247,0,38,37,1,11,0,04/02/2020 12:00:00 AM,N/A,Agree
07/17/2020,MD,76371,,,707,0,3479,3340,139,13,0,07/19/2020 12:00:00 AM,N/A,Agree
07/29/2020,MD,86285,,,761,0,3591,3449,142,12,0,07/31/2020 12:00:00 AM,N/A,Agree
06/13/2020,MD,61305,,,692,0,3033,2904,129,25,2,06/15/2020 12:00:00 AM,N/A,Agree
03/23/2021,MD,401427,,,722,0,8736,8529,207,15,0,03/25/2021 12:00:00 AM,N/A,Agree
01/09/2022,MD,846668,,,17875,0,12304,12062,242,54,0,01/11/2022 12:00:00 AM,N/A,Agree
05/06/2021,MD,451267,,,578,0,9424,9210,214,10,0,05/08/2021 12:00:00 AM,N/A,Agree
06/15/2020,MD,62032,,,331,0,3069,2939,130,18,1,06/17/2020 12:00:00 AM,N/A,Agree
06/15/2021,MD,461392,,,67,0,9737,9520,217,5,0,06/17/2021 12:00:00 AM,N/A,Agree
03/04/2020,MD,0,,,0,0,0,0,0,0,0,03/06/2020 12:00:00 AM,N/A,Agree
01/10/2021,MD,306674,,,3310,0,6671,6478,193,44,0,01/12/2021 12:00:00 AM,N/A,Agree
03/16/2020,MD,37,,,6,0,0,0,0,0,0,03/18/2020 12:00:00 AM,N/A,Agree
02/06/2020,MD,0,,,0,0,0,0,0,0,0,02/08/2020 12:00:00 AM,N/A,Agree
03/28/2020,MD,992,,,218,0,11,11,0,3,0,03/30/2020 12:00:00 AM,N/A,Agree
07/24/2021,MD,465643,,,317,0,9831,9612,219,1,0,07/26/2021 12:00:00 AM,N/A,Agree
10/15/2021,MD,548743,,,1068,0,10710,10480,230,13,0,10/17/2021 12:00:00 AM,N/A,Agree
01/04/2022,MD,777286,,,15264,0,12028,11790,238,43,0,01/06/2022 12:00:00 AM,N/A,Agree
04/19/2022,MD,1022861,,,636,0,14412,14148,264,5,0,04/20/2022 01:32:06 PM,N/A,Agree
01/28/2022,MD,971909,,,3178,0,13387,13131,256,53,0,01/30/2022 12:00:00 AM,N/A,Agree
05/21/2020,MD,43531,,,1208,0,2262,2153,109,36,2,05/23/2020 12:00:00 AM,N/A,Agree
03/13/2020,MD,15,,,3,0,0,0,0,0,0,03/15/2020 12:00:00 AM,N/A,Agree
01/01/2022,MD,735804,,,14916,0,11911,11673,238,36,1,01/03/2022 12:00:00 AM,N/A,Agree
01/20/2022,MD,942950,,,9234,0,12936,12684,252,70,0,01/22/2022 12:00:00 AM,N/A,Agree
03/10/2021,MD,389566,,,900,0,8530,8326,204,15,0,03/12/2021 12:00:00 AM,N/A,Agree
05/25/2021,MD,458680,,,160,0,9625,9411,214,11,0,05/27/2021 12:00:00 AM,N/A,Agree
06/07/2021,MD,460659,,,84,0,9706,9489,217,4,0,06/09/2021 12:00:00 AM,N/A,Agree
06/14/2021,MD,461325,,,60,0,9732,9515,217,2,0,06/16/2021 12:00:00 AM,N/A,Agree
12/14/2021,MD,606101,,,1716,0,11422,11189,233,30,0,12/16/2021 12:00:00 AM,N/A,Agree
01/24/2021,MD,341452,,,2145,0,7306,7110,196,44,1,01/26/2021 12:00:00 AM,N/A,Agree
10/09/2021,MD,542886,,,1259,0,10614,10386,228,19,0,10/11/2021 12:00:00 AM,N/A,Agree
03/16/2021,MD,394716,,,658,0,8618,8412,206,19,2,03/18/2021 12:00:00 AM,N/A,Agree
03/30/2022,MD,1011919,,,421,0,14345,14081,264,2,0,03/31/2022 02:49:40 PM,N/A,Agree
02/24/2021,MD,378490,,,862,0,8301,8097,204,13,0,02/26/2021 12:00:00 AM,N/A,Agree
07/05/2021,MD,462634,,,38,0,9793,9576,217,1,0,07/07/2021 12:00:00 AM,N/A,Agree
05/05/2021,MD,450689,,,679,0,9414,9200,214,12,0,05/07/2021 12:00:00 AM,N/A,Agree
05/16/2022,MD,1060243,,,5696,0,14542,14277,265,18,0,05/17/2022 01:42:49 PM,N/A,Agree
07/11/2021,MD,463186,,,79,0,9800,9583,217,1,0,07/13/2021 12:00:00 AM,N/A,Agree
03/19/2020,MD,107,,,22,0,2,2,0,2,0,03/21/2020 12:00:00 AM,N/A,Agree
05/28/2020,MD,49709,,,1286,0,2540,2422,118,43,0,05/30/2020 12:00:00 AM,N/A,Agree
01/16/2021,MD,324031,,,3292,0,6939,6746,193,42,0,01/18/2021 12:00:00 AM,N/A,Agree
04/26/2022,MD,1028752,,,2827,0,14441,14177,264,16,0,04/27/2022 01:16:30 PM,N/A,Agree
07/07/2021,MD,462736,,,55,0,9795,9578,217,1,0,07/09/2021 12:00:00 AM,N/A,Agree
10/08/2021,MD,541627,,,1176,0,10595,10367,228,17,0,10/10/2021 12:00:00 AM,N/A,Agree
03/01/2021,MD,382702,,,603,0,8397,8193,204,15,0,03/03/2021 12:00:00 AM,N/A,Agree
01/12/2022,MD,878830,,,11692,0,12483,12239,244,68,1,01/14/2022 12:00:00 AM,N/A,Agree
10/19/2021,MD,551807,,,543,0,10764,10534,230,15,0,10/21/2021 12:00:00 AM,N/A,Agree
10/26/2020,MD,140844,,,565,0,4243,4084,159,6,0,10/28/2020 12:00:00 AM,N/A,Agree
06/30/2020,MD,67559,,,305,0,3308,3172,136,17,2,07/02/2020 12:00:00 AM,N/A,Agree
01/04/2021,MD,287802,,,2483,0,6430,6240,190,44,0,01/06/2021 12:00:00 AM,N/A,Agree
12/10/2020,MD,225855,,,3202,0,5256,5075,181,44,1,12/12/2020 12:00:00 AM,N/A,Agree
11/29/2020,MD,196447,,,1999,0,4834,4662,172,33,1,12/01/2020 12:00:00 AM,N/A,Agree
12/22/2021,MD,633046,,,4621,0,11600,11366,234,23,0,12/24/2021 12:00:00 AM,N/A,Agree
11/13/2020,MD,161769,,,1869,0,4439,4274,165,18,0,11/15/2020 12:00:00 AM,N/A,Agree
06/06/2020,MD,57482,,,712,0,2851,2726,125,34,3,06/08/2020 12:00:00 AM,N/A,Agree
03/14/2020,MD,26,,,11,0,0,0,0,0,0,03/16/2020 12:00:00 AM,N/A,Agree
08/11/2020,MD,96843,,,585,0,3720,3572,148,12,0,08/13/2020 12:00:00 AM,N/A,Agree
06/26/2021,MD,462078,,,61,0,9774,9557,217,4,0,06/28/2021 12:00:00 AM,N/A,Agree
03/23/2022,MD,1009705,,,362,0,14314,14052,262,3,-2,03/24/2022 01:32:04 PM,N/A,Agree
10/05/2020,MD,127791,,,501,0,4098,3939,159,6,0,10/07/2020 12:00:00 AM,N/A,Agree
01/05/2022,MD,788502,,,11216,0,12080,11840,240,52,2,01/07/2022 12:00:00 AM,N/A,Agree
04/18/2020,MD,12308,,,736,0,548,521,27,42,1,04/20/2020 12:00:00 AM,N/A,Agree
03/21/2022,MD,1009097,,,357,0,14303,14039,264,5,0,03/22/2022 01:39:13 PM,N/A,Agree
04/07/2020,MD,4371,,,326,0,145,138,7,17,1,04/09/2020 12:00:00 AM,N/A,Agree
08/19/2020,MD,101649,,,414,0,3781,3632,149,8,0,08/21/2020 12:00:00 AM,N/A,Agree
12/11/2021,MD,601573,,,1240,0,11371,11138,233,12,0,12/13/2021 12:00:00 AM,N/A,Agree
05/15/2020,MD,36986,,,1083,0,1988,1890,98,54,1,05/17/2020 12:00:00 AM,N/A,Agree
03/29/2021,MD,409075,,,1031,0,8812,8604,208,15,0,03/31/2021 12:00:00 AM,N/A,Agree
04/28/2021,MD,445493,,,1002,0,9305,9091,214,9,0,04/30/2021 12:00:00 AM,N/A,Agree
05/15/2022,MD,1054547,,,0,0,14524,14259,265,0,0,05/16/2022 02:11:38 PM,N/A,Agree
04/17/2020,MD,11572,,,788,0,506,480,26,31,0,04/19/2020 12:00:00 AM,N/A,Agree
05/09/2020,MD,31534,,,1049,0,1682,1597,85,66,2,05/11/2020 12:00:00 AM,N/A,Agree
06/12/2021,MD,461183,,,86,0,9728,9511,217,3,0,06/14/2021 12:00:00 AM,N/A,Agree
09/18/2020,MD,119062,,,543,0,3995,3838,157,5,0,09/20/2020 12:00:00 AM,N/A,Agree
05/05/2020,MD,27117,,,709,0,1455,1381,74,54,1,05/07/2020 12:00:00 AM,N/A,Agree
10/01/2020,MD,125510,,,785,0,4072,3914,158,2,0,10/03/2020 12:00:00 AM,N/A,Agree
01/01/2021,MD,280219,,,3557,0,6300,6110,190,43,0,01/03/2021 12:00:00 AM,N/A,Agree
08/09/2020,MD,95503,,,922,0,3703,3555,148,10,2,08/11/2020 12:00:00 AM,N/A,Agree
12/08/2021,MD,597068,,,1207,0,11314,11082,232,9,0,12/10/2021 12:00:00 AM,N/A,Agree
01/02/2022,MD,747095,,,11291,0,11957,11719,238,46,0,01/04/2022 12:00:00 AM,N/A,Agree
03/27/2022,MD,1010722,,,225,0,14326,14062,264,2,0,03/28/2022 02:00:06 PM,N/A,Agree
04/26/2020,MD,18581,,,815,0,963,915,48,51,2,05/11/2022 04:48:19 PM,N/A,Agree
09/13/2021,MD,511646,,,1103,0,10227,10003,224,16,0,09/15/2021 12:00:00 AM,N/A,Agree
02/26/2022,MD,1001509,,,0,0,14105,13842,263,0,0,02/28/2022 01:14:05 PM,N/A,Agree
02/23/2022,MD,999890,,,661,0,14076,13813,263,14,0,02/24/2022 02:32:28 PM,N/A,Agree
05/04/2021,MD,450010,,,501,0,9402,9188,214,10,0,05/06/2021 12:00:00 AM,N/A,Agree
07/26/2020,MD,83748,,,694,0,3561,3420,141,10,1,07/28/2020 12:00:00 AM,N/A,Agree
10/07/2020,MD,128664,,,460,0,4112,3953,159,7,0,10/09/2020 12:00:00 AM,N/A,Agree
10/09/2020,MD,130159,,,734,0,4128,3969,159,6,0,10/11/2020 12:00:00 AM,N/A,Agree
05/14/2022,MD,1054547,,,0,0,14524,14259,265,0,0,05/16/2022 01:02:07 PM,N/A,Agree
05/23/2021,MD,458292,,,244,0,9611,9397,214,9,0,05/25/2021 12:00:00 AM,N/A,Agree
09/14/2021,MD,512740,,,1094,0,10240,10015,225,13,1,09/16/2021 12:00:00 AM,N/A,Agree
02/12/2021,MD,368977,,,1112,0,7990,7788,202,28,1,02/14/2021 12:00:00 AM,N/A,Agree
05/27/2020,MD,48423,,,736,0,2497,2379,118,44,3,05/29/2020 12:00:00 AM,N/A,Agree
10/13/2021,MD,546552,,,1113,0,10681,10451,230,16,0,10/15/2021 12:00:00 AM,N/A,Agree
08/18/2021,MD,482581,,,1012,0,9930,9709,221,6,0,08/20/2021 12:00:00 AM,N/A,Agree
04/18/2022,MD,1022225,,,1874,0,14407,14143,264,6,0,04/19/2022 01:21:35 PM,N/A,Agree
01/26/2022,MD,965291,,,3101,0,13280,13024,256,47,1,01/28/2022 12:00:00 AM,N/A,Agree
07/25/2021,MD,465949,,,306,0,9834,9615,219,3,0,07/27/2021 12:00:00 AM,N/A,Agree
06/12/2020,MD,60613,,,416,0,3008,2881,127,23,0,06/14/2020 12:00:00 AM,N/A,Agree
09/16/2020,MD,117888,,,643,0,3983,3827,156,9,0,09/18/2020 12:00:00 AM,N/A,Agree
03/20/2022,MD,1008740,,,204,0,14298,14034,264,5,0,03/21/2022 01:48:00 PM,N/A,Agree
12/04/2020,MD,209191,,,3792,0,5006,4831,175,30,1,12/06/2020 12:00:00 AM,N/A,Agree
08/28/2020,MD,106664,,,601,0,3858,3704,154,12,1,08/30/2020 12:00:00 AM,N/A,Agree
10/18/2020,MD,135657,,,530,0,4180,4021,159,3,0,10/20/2020 12:00:00 AM,N/A,Agree
08/19/2021,MD,483641,,,1060,0,9940,9718,222,10,1,08/21/2021 12:00:00 AM,N/A,Agree
08/20/2021,MD,484847,,,1206,0,9950,9728,222,10,0,08/22/2021 12:00:00 AM,N/A,Agree
12/17/2021,MD,614973,,,3535,0,11482,11249,233,18,0,12/19/2021 12:00:00 AM,N/A,Agree
04/18/2021,MD,436028,,,1169,0,9139,8929,210,16,0,04/20/2021 12:00:00 AM,N/A,Agree
05/10/2022,MD,1047261,,,1540,0,14510,14245,265,5,0,05/11/2022 01:51:16 PM,N/A,Agree
07/25/2020,MD,83054,,,1288,0,3551,3411,140,11,0,07/27/2020 12:00:00 AM,N/A,Agree
02/20/2021,MD,375737,,,763,0,8207,8003,204,28,0,02/22/2021 12:00:00 AM,N/A,Agree
06/03/2021,MD,460194,,,134,0,9684,9468,216,3,1,06/05/2021 12:00:00 AM,N/A,Agree
10/14/2021,MD,547675,,,1123,0,10697,10467,230,16,0,10/16/2021 12:00:00 AM,N/A,Agree
09/05/2021,MD,503034,,,805,0,10108,9885,223,10,0,09/07/2021 12:00:00 AM,N/A,Agree
04/04/2020,MD,3125,,,367,0,88,83,5,20,1,04/06/2020 12:00:00 AM,N/A,Agree
12/16/2021,MD,611438,,,3145,0,11464,11231,233,17,0,12/18/2021 12:00:00 AM,N/A,Agree
05/12/2022,MD,1051938,,,2467,0,14520,14255,265,1,0,05/13/2022 01:28:57 PM,N/A,Agree
05/22/2020,MD,44424,,,893,0,2286,2177,109,24,0,05/24/2020 12:00:00 AM,N/A,Agree
05/25/2020,MD,47152,,,839,0,2414,2299,115,38,2,05/27/2020 12:00:00 AM,N/A,Agree
02/25/2021,MD,379466,,,976,0,8323,8119,204,22,0,02/27/2021 12:00:00 AM,N/A,Agree
08/17/2021,MD,481569,,,851,0,9924,9703,221,6,0,08/19/2021 12:00:00 AM,N/A,Agree
04/27/2022,MD,1030144,,,1392,0,14449,14185,264,8,0,04/28/2022 01:30:29 PM,N/A,Agree
12/23/2020,MD,257862,,,2465,0,5889,5702,187,49,1,12/25/2020 12:00:00 AM,N/A,Agree
10/04/2021,MD,537327,,,1078,0,10525,10297,228,13,0,10/06/2021 12:00:00 AM,N/A,Agree
04/23/2021,MD,441155,,,1163,0,9230,9018,212,11,0,04/25/2021 12:00:00 AM,N/A,Agree
04/11/2022,MD,1017470,,,1441,0,14385,14121,264,8,0,04/12/2022 01:55:12 PM,N/A,Agree
08/04/2021,MD,470605,,,695,0,9863,9643,220,3,0,08/06/2021 12:00:00 AM,N/A,Agree
01/22/2022,MD,953037,,,5071,0,13069,12816,253,66,1,01/24/2022 12:00:00 AM,N/A,Agree
06/04/2021,MD,460339,,,145,0,9690,9474,216,6,0,06/06/2021 12:00:00 AM,N/A,Agree
03/06/2021,MD,386610,,,932,0,8458,8254,204,17,0,03/08/2021 12:00:00 AM,N/A,Agree
06/02/2021,MD,460060,,,65,0,9681,9466,215,5,1,06/04/2021 12:00:00 AM,N/A,Agree
04/14/2020,MD,9472,,,536,0,390,367,23,49,6,04/16/2020 12:00:00 AM,N/A,Agree
10/10/2021,MD,544219,,,1333,0,10625,10397,228,11,0,10/12/2021 12:00:00 AM,N/A,Agree
05/24/2020,MD,46313,,,818,0,2376,2263,113,34,4,05/26/2020 12:00:00 AM,N/A,Agree
04/02/2022,MD,1012822,,,0,0,14355,14091,264,0,0,04/04/2022 12:57:21 PM,N/A,Agree
09/23/2020,MD,121297,,,385,0,4024,3867,157,4,0,09/25/2020 12:00:00 AM,N/A,Agree
10/27/2021,MD,557923,,,731,0,10867,10637,230,12,0,10/29/2021 12:00:00 AM,N/A,Agree
11/09/2020,MD,155371,,,1375,0,4383,4218,165,9,1,11/11/2020 12:00:00 AM,N/A,Agree
04/01/2020,MD,1985,,,325,0,46,45,1,8,0,04/03/2020 12:00:00 AM,N/A,Agree
12/21/2021,MD,628425,,,6442,0,11577,11343,234,24,1,12/23/2021 12:00:00 AM,N/A,Agree
06/10/2020,MD,59465,,,561,0,2952,2825,127,26,0,06/12/2020 12:00:00 AM,N/A,Agree
04/09/2021,MD,423663,,,1840,0,8991,8782,209,20,0,04/11/2021 12:00:00 AM,N/A,Agree
03/24/2021,MD,402600,,,1173,0,8751,8544,207,15,0,03/26/2021 12:00:00 AM,N/A,Agree
10/24/2021,MD,556083,,,717,0,10830,10600,230,11,0,10/26/2021 12:00:00 AM,N/A,Agree
02/28/2021,MD,382099,,,827,0,8382,8178,204,14,0,03/02/2021 12:00:00 AM,N/A,Agree
03/27/2020,MD,774,,,194,0,8,8,0,2,0,03/29/2020 12:00:00 AM,N/A,Agree
11/19/2020,MD,174733,,,2910,0,4545,4379,166,22,0,11/21/2020 12:00:00 AM,N/A,Agree
02/22/2020,MD,0,,,0,0,0,0,0,0,0,02/24/2020 12:00:00 AM,N/A,Agree
06/16/2021,MD,461470,,,78,0,9740,9523,217,3,0,06/18/2021 12:00:00 AM,N/A,Agree
07/16/2020,MD,75664,,,648,0,3466,3327,139,11,0,07/18/2020 12:00:00 AM,N/A,Agree
04/01/2021,MD,412928,,,1584,0,8858,8650,208,20,0,04/03/2021 12:00:00 AM,N/A,Agree
05/08/2022,MD,1041621,,,0,0,14495,14230,265,0,0,05/09/2022 02:22:50 PM,N/A,Agree
01/25/2020,MD,0,,,0,0,0,0,0,0,0,01/27/2020 12:00:00 AM,N/A,Agree
06/24/2020,MD,65337,,,330,0,3223,3091,132,15,0,06/26/2020 12:00:00 AM,N/A,Agree
07/19/2021,MD,464336,,,139,0,9819,9602,217,3,0,07/21/2021 12:00:00 AM,N/A,Agree
09/16/2021,MD,515259,,,1330,0,10271,10045,226,15,0,09/18/2021 12:00:00 AM,N/A,Agree
01/02/2021,MD,283171,,,2952,0,6342,6152,190,42,0,01/04/2021 12:00:00 AM,N/A,Agree
04/12/2021,MD,427715,,,985,0,9055,8845,210,23,0,04/14/2021 12:00:00 AM,N/A,Agree
02/16/2022,MD,995328,,,751,0,13981,13720,261,16,1,02/17/2022 02:53:30 PM,N/A,Agree
10/03/2020,MD,126819,,,597,0,4089,3930,159,9,1,10/05/2020 12:00:00 AM,N/A,Agree
01/23/2020,MD,0,,,0,0,0,0,0,0,0,01/25/2020 12:00:00 AM,N/A,Agree
07/26/2021,MD,466205,,,256,0,9834,9615,219,0,0,07/28/2021 12:00:00 AM,N/A,Agree
07/29/2021,MD,467435,,,505,0,9842,9623,219,5,0,07/31/2021 12:00:00 AM,N/A,Agree
02/18/2021,MD,373966,,,986,0,8155,7952,203,27,0,02/20/2021 12:00:00 AM,N/A,Agree
04/17/2022,MD,1020351,,,0,0,14401,14137,264,0,0,04/18/2022 02:50:08 PM,N/A,Agree
05/16/2020,MD,37968,,,982,0,2046,1947,99,58,1,05/18/2020 12:00:00 AM,N/A,Agree
10/05/2021,MD,537976,,,649,0,10544,10316,228,19,0,10/07/2021 12:00:00 AM,N/A,Agree
12/03/2020,MD,205399,,,2044,0,4976,4802,174,42,0,12/05/2020 12:00:00 AM,N/A,Agree
04/06/2021,MD,419055,,,867,0,8938,8729,209,15,0,04/08/2021 12:00:00 AM,N/A,Agree
03/29/2020,MD,1239,,,247,0,19,19,0,8,0,03/31/2020 12:00:00 AM,N/A,Agree
05/19/2020,MD,41546,,,1784,0,2184,2078,106,36,1,05/21/2020 12:00:00 AM,N/A,Agree
09/06/2021,MD,504061,,,1027,0,10125,9902,223,17,0,09/08/2021 12:00:00 AM,N/A,Agree
03/26/2020,MD,580,,,157,0,6,6,0,0,0,03/28/2020 12:00:00 AM,N/A,Agree
05/26/2021,MD,458878,,,198,0,9633,9419,214,8,0,05/28/2021 12:00:00 AM,N/A,Agree
04/02/2020,MD,2331,,,346,0,55,53,2,9,1,04/04/2020 12:00:00 AM,N/A,Agree
01/07/2022,MD,815023,,,12798,0,12193,11953,240,59,0,01/09/2022 12:00:00 AM,N/A,Agree
05/08/2021,MD,452691,,,656,0,9442,9228,214,8,0,05/10/2021 12:00:00 AM,N/A,Agree
07/08/2020,MD,70861,,,465,0,3403,3264,139,11,0,07/10/2020 12:00:00 AM,N/A,Agree
03/04/2021,MD,384765,,,809,0,8431,8227,204,12,0,03/06/2021 12:00:00 AM,N/A,Agree
07/31/2021,MD,468548,,,587,0,9849,9629,220,5,1,08/02/2021 12:00:00 AM,N/A,Agree
08/26/2020,MD,105486,,,440,0,3837,3684,153,10,0,08/28/2020 12:00:00 AM,N/A,Agree
03/11/2020,MD,12,,,3,0,0,0,0,0,0,03/13/2020 12:00:00 AM,N/A,Agree
03/19/2021,MD,397898,,,1152,0,8668,8461,207,13,1,03/21/2021 12:00:00 AM,N/A,Agree
04/05/2020,MD,3609,,,484,0,105,99,6,17,1,04/07/2020 12:00:00 AM,N/A,Agree
11/29/2021,MD,584899,,,762,0,11215,10984,231,12,0,12/01/2021 12:00:00 AM,N/A,Agree
03/25/2020,MD,423,,,74,0,6,6,0,1,0,03/27/2020 12:00:00 AM,N/A,Agree
02/20/2020,MD,0,,,0,0,0,0,0,0,0,02/22/2020 12:00:00 AM,N/A,Agree
05/07/2020,MD,29374,,,1211,0,1555,1476,79,44,2,05/09/2020 12:00:00 AM,N/A,Agree
07/14/2021,MD,463487,,,104,0,9807,9590,217,4,0,07/16/2021 12:00:00 AM,N/A,Agree
06/18/2020,MD,63229,,,260,0,3129,2997,132,22,0,06/20/2020 12:00:00 AM,N/A,Agree
12/01/2021,MD,587285,,,1142,0,11234,11003,231,12,0,12/03/2021 12:00:00 AM,N/A,Agree
04/08/2021,MD,421823,,,1297,0,8971,8762,209,17,0,04/10/2021 12:00:00 AM,N/A,Agree
05/03/2020,MD,25462,,,989,0,1352,1284,68,48,3,05/05/2020 12:00:00 AM,N/A,Agree
11/08/2021,MD,566637,,,555,0,11019,10788,231,10,0,11/10/2021 12:00:00 AM,N/A,Agree
07/04/2021,MD,462596,,,61,0,9792,9575,217,2,0,07/06/2021 12:00:00 AM,N/A,Agree
08/16/2021,MD,480718,,,766,0,9918,9697,221,7,0,08/18/2021 12:00:00 AM,N/A,Agree
08/23/2020,MD,104102,,,579,0,3818,3667,151,11,0,08/25/2020 12:00:00 AM,N/A,Agree
11/12/2021,MD,569823,,,909,0,11052,10821,231,13,0,11/14/2021 12:00:00 AM,N/A,Agree
03/02/2020,MD,0,,,0,0,0,0,0,0,0,03/04/2020 12:00:00 AM,N/A,Agree
02/23/2020,MD,0,,,0,0,0,0,0,0,0,02/25/2020 12:00:00 AM,N/A,Agree
06/09/2021,MD,460863,,,126,0,9714,9497,217,6,0,06/11/2021 12:00:00 AM,N/A,Agree
02/16/2021,MD,372221,,,516,0,8101,7898,203,22,0,02/18/2021 12:00:00 AM,N/A,Agree
11/21/2020,MD,179971,,,2885,0,4582,4414,168,21,2,11/23/2020 12:00:00 AM,N/A,Agree
09/19/2020,MD,119744,,,682,0,4002,3845,157,7,0,09/21/2020 12:00:00 AM,N/A,Agree
05/03/2021,MD,449509,,,520,0,9392,9178,214,20,0,05/05/2021 12:00:00 AM,N/A,Agree
01/29/2021,MD,350629,,,1880,0,7521,7323,198,34,0,01/31/2021 12:00:00 AM,N/A,Agree
04/30/2022,MD,1032775,,,0,0,14462,14198,264,0,0,05/02/2022 12:49:10 PM,N/A,Agree
04/03/2020,MD,2758,,,427,0,68,64,4,13,2,04/05/2020 12:00:00 AM,N/A,Agree
09/17/2020,MD,118519,,,631,0,3990,3833,157,7,1,09/19/2020 12:00:00 AM,N/A,Agree
04/29/2022,MD,1032775,,,1242,0,14462,14198,264,6,0,04/30/2022 01:19:13 PM,N/A,Agree
04/16/2020,MD,10784,,,752,0,475,449,26,48,2,04/18/2020 12:00:00 AM,N/A,Agree
03/03/2021,MD,383956,,,786,0,8419,8215,204,11,0,03/05/2021 12:00:00 AM,N/A,Agree
03/08/2022,MD,1005333,,,277,0,14218,13955,263,12,0,03/09/2022 02:28:56 PM,N/A,Agree
10/01/2021,MD,533870,,,1530,0,10485,10257,228,19,0,10/03/2021 12:00:00 AM,N/A,Agree
04/28/2022,MD,1031533,,,1389,0,14456,14192,264,7,0,04/29/2022 02:05:11 PM,N/A,Agree
04/03/2022,MD,1012822,,,0,0,14355,14091,264,0,0,04/04/2022 02:11:32 PM,N/A,Agree
05/07/2022,MD,1041621,,,0,0,14495,14230,265,0,0,05/09/2022 01:14:40 PM,N/A,Agree
02/11/2022,MD,991569,,,731,0,13905,13646,259,41,0,02/13/2022 12:00:00 AM,N/A,Agree
04/07/2021,MD,420526,,,1471,0,8954,8745,209,16,0,04/09/2021 12:00:00 AM,N/A,Agree
03/26/2022,MD,1010497,,,0,0,14324,14060,264,0,0,03/28/2022 01:08:30 PM,N/A,Agree
11/07/2021,MD,566082,,,727,0,11009,10778,231,19,0,11/09/2021 12:00:00 AM,N/A,Agree
11/17/2020,MD,169805,,,2149,0,4504,4338,166,16,0,11/19/2020 12:00:00 AM,N/A,Agree
08/24/2021,MD,488740,,,847,0,9977,9755,222,8,0,08/26/2021 12:00:00 AM,N/A,Agree
03/16/2022,MD,1007748,,,376,0,14282,14018,264,2,-1,03/17/2022 02:31:57 PM,N/A,Agree
06/11/2020,MD,60197,,,732,0,2985,2858,127,33,0,06/13/2020 12:00:00 AM,N/A,Agree
04/27/2021,MD,444491,,,677,0,9296,9082,214,22,0,04/29/2021 12:00:00 AM,N/A,Agree
10/28/2021,MD,558852,,,929,0,10885,10655,230,18,0,10/30/2021 12:00:00 AM,N/A,Agree
04/22/2021,MD,439992,,,1203,0,9219,9007,212,21,1,04/24/2021 12:00:00 AM,N/A,Agree
06/07/2020,MD,57973,,,491,0,2875,2750,125,24,0,06/09/2020 12:00:00 AM,N/A,Agree
03/02/2021,MD,383170,,,468,0,8408,8204,204,11,0,03/04/2021 12:00:00 AM,N/A,Agree
11/04/2020,MD,148766,,,1000,0,4323,4161,162,13,0,11/06/2020 12:00:00 AM,N/A,Agree
11/20/2021,MD,577013,,,1017,0,11134,10903,231,6,0,11/22/2021 12:00:00 AM,N/A,Agree
04/01/2022,MD,1012822,,,465,0,14355,14091,264,8,0,04/02/2022 01:21:28 PM,N/A,Agree
11/15/2020,MD,165930,,,1840,0,4472,4306,166,12,0,11/17/2020 12:00:00 AM,N/A,Agree
03/01/2020,MD,0,,,0,0,0,0,0,0,0,03/03/2020 12:00:00 AM,N/A,Agree
01/27/2021,MD,346559,,,1939,0,7444,7246,198,37,1,01/29/2021 12:00:00 AM,N/A,Agree
01/05/2021,MD,289758,,,1956,0,6468,6277,191,38,1,01/07/2021 12:00:00 AM,N/A,Agree
02/22/2021,MD,376966,,,611,0,8261,8057,204,28,0,02/24/2021 12:00:00 AM,N/A,Agree
01/16/2022,MD,919136,,,8215,0,12734,12485,249,65,0,01/18/2022 12:00:00 AM,N/A,Agree
07/13/2021,MD,463383,,,118,0,9803,9586,217,3,0,07/15/2021 12:00:00 AM,N/A,Agree
06/02/2020,MD,54175,,,848,0,2719,2599,120,31,0,06/04/2020 12:00:00 AM,N/A,Agree
10/19/2020,MD,136154,,,497,0,4188,4029,159,8,0,10/21/2020 12:00:00 AM,N/A,Agree
03/28/2021,MD,408044,,,1335,0,8797,8589,208,9,0,03/30/2021 12:00:00 AM,N/A,Agree
05/22/2021,MD,458048,,,521,0,9602,9388,214,7,0,05/24/2021 12:00:00 AM,N/A,Agree
08/03/2020,MD,91144,,,870,0,3642,3497,145,8,0,08/05/2020 12:00:00 AM,N/A,Agree
12/12/2020,MD,232009,,,3538,0,5360,5178,182,51,1,12/14/2020 12:00:00 AM,N/A,Agree
02/21/2022,MD,998888,,,752,0,14049,13786,263,38,1,02/22/2022 02:17:25 PM,N/A,Agree
08/08/2021,MD,473969,,,853,0,9881,9660,221,6,1,08/10/2021 12:00:00 AM,N/A,Agree
06/25/2021,MD,462017,,,64,0,9770,9553,217,2,0,06/27/2021 12:00:00 AM,N/A,Agree
05/17/2021,MD,456216,,,212,0,9545,9331,214,11,0,05/19/2021 12:00:00 AM,N/A,Agree
08/07/2020,MD,93806,,,801,0,3680,3535,145,10,0,08/09/2020 12:00:00 AM,N/A,Agree
06/01/2020,MD,53327,,,549,0,2688,2568,120,35,0,06/03/2020 12:00:00 AM,N/A,Agree
09/07/2020,MD,112883,,,764,0,3929,3774,155,2,0,09/09/2020 12:00:00 AM,N/A,Agree
09/27/2021,MD,528764,,,960,0,10437,10209,228,7,0,09/29/2021 12:00:00 AM,N/A,Agree
11/18/2021,MD,574914,,,1079,0,11116,10885,231,8,0,11/20/2021 12:00:00 AM,N/A,Agree
05/06/2020,MD,28163,,,1046,0,1511,1434,77,56,3,05/08/2020 12:00:00 AM,N/A,Agree
09/13/2020,MD,116110,,,577,0,3962,3806,156,4,0,09/15/2020 12:00:00 AM,N/A,Agree
02/13/2022,MD,993228,,,718,0,13917,13658,259,12,0,02/15/2022 12:00:00 AM,N/A,Agree
02/22/2022,MD,999229,,,341,0,14062,13799,263,13,0,02/23/2022 03:07:10 PM,N/A,Agree
05/13/2020,MD,34812,,,751,0,1884,1789,95,50,2,05/15/2020 12:00:00 AM,N/A,Agree
02/26/2020,MD,0,,,0,0,0,0,0,0,0,02/28/2020 12:00:00 AM,N/A,Agree
06/21/2020,MD,64306,,,350,0,3179,3047,132,21,0,06/23/2020 12:00:00 AM,N/A,Agree
02/24/2020,MD,0,,,0,0,0,0,0,0,0,02/26/2020 12:00:00 AM,N/A,Agree
08/17/2020,MD,100715,,,503,0,3765,3616,149,3,0,08/19/2020 12:00:00 AM,N/A,Agree
10/23/2021,MD,555366,,,910,0,10819,10589,230,8,0,10/25/2021 12:00:00 AM,N/A,Agree
06/19/2020,MD,63548,,,319,0,3138,3006,132,9,0,06/21/2020 12:00:00 AM,N/A,Agree
08/25/2021,MD,489930,,,1190,0,9986,9764,222,9,0,08/27/2021 12:00:00 AM,N/A,Agree
11/03/2020,MD,147766,,,771,0,4310,4148,162,6,0,11/05/2020 12:00:00 AM,N/A,Agree
12/19/2020,MD,248754,,,2201,0,5709,5523,186,58,0,12/21/2020 12:00:00 AM,N/A,Agree
05/17/2020,MD,38804,,,836,0,2096,1995,101,50,2,05/19/2020 12:00:00 AM,N/A,Agree
02/09/2021,MD,365529,,,976,0,7894,7693,201,45,0,02/11/2021 12:00:00 AM,N/A,Agree
10/02/2020,MD,126222,,,712,0,4080,3922,158,8,0,10/04/2020 12:00:00 AM,N/A,Agree
05/07/2021,MD,452035,,,768,0,9434,9220,214,10,0,05/09/2021 12:00:00 AM,N/A,Agree
08/21/2020,MD,102899,,,670,0,3794,3643,151,8,2,08/23/2020 12:00:00 AM,N/A,Agree
11/26/2021,MD,582608,,,997,0,11184,10953,231,11,0,11/28/2021 12:00:00 AM,N/A,Agree
01/03/2022,MD,762022,,,14927,0,11985,11747,238,28,0,01/05/2022 12:00:00 AM,N/A,Agree
04/05/2022,MD,1014223,,,527,0,14365,14101,264,2,0,04/06/2022 01:55:45 PM,N/A,Agree
03/02/2022,MD,1003510,,,471,0,14160,13897,263,14,0,03/03/2022 02:58:52 PM,N/A,Agree
07/30/2020,MD,87177,,,892,0,3602,3460,142,11,0,08/01/2020 12:00:00 AM,N/A,Agree
05/09/2021,MD,453125,,,434,0,9455,9241,214,13,0,05/11/2021 12:00:00 AM,N/A,Agree
08/09/2021,MD,474555,,,586,0,9889,9668,221,8,0,08/11/2021 12:00:00 AM,N/A,Agree
02/01/2022,MD,979151,,,1583,0,13532,13276,256,48,-1,02/03/2022 12:00:00 AM,N/A,Agree
04/25/2021,MD,443257,,,906,0,9263,9049,214,15,2,04/27/2021 12:00:00 AM,N/A,Agree
11/02/2021,MD,562200,,,482,0,10947,10717,230,13,0,11/04/2021 12:00:00 AM,N/A,Agree
02/18/2020,MD,0,,,0,0,0,0,0,0,0,02/20/2020 12:00:00 AM,N/A,Agree
01/11/2022,MD,867138,,,10316,0,12415,12172,243,49,1,01/13/2022 12:00:00 AM,N/A,Agree
08/29/2020,MD,107294,,,630,0,3869,3715,154,11,0,08/31/2020 12:00:00 AM,N/A,Agree
04/03/2021,MD,415660,,,1275,0,8892,8684,208,16,0,04/05/2021 12:00:00 AM,N/A,Agree
12/05/2020,MD,212384,,,3193,0,5042,4866,176,36,1,12/07/2020 12:00:00 AM,N/A,Agree
08/02/2020,MD,90274,,,909,0,3634,3489,145,14,2,08/04/2020 12:00:00 AM,N/A,Agree
01/06/2022,MD,802225,,,13723,0,12134,11894,240,54,0,01/08/2022 12:00:00 AM,N/A,Agree
04/23/2022,MD,1025925,,,0,0,14425,14161,264,0,0,04/25/2022 12:42:22 PM,N/A,Agree
03/09/2020,MD,6,,,1,0,0,0,0,0,0,03/11/2020 12:00:00 AM,N/A,Agree
08/14/2021,MD,479083,,,1016,0,9908,9687,221,6,0,08/16/2021 12:00:00 AM,N/A,Agree
12/17/2020,MD,243984,,,2217,0,5606,5420,186,55,1,12/19/2020 12:00:00 AM,N/A,Agree
09/09/2020,MD,113575,,,336,0,3936,3780,156,3,1,09/11/2020 12:00:00 AM,N/A,Agree
12/11/2020,MD,228471,,,2616,0,5309,5128,181,53,0,12/13/2020 12:00:00 AM,N/A,Agree
02/23/2021,MD,377628,,,662,0,8288,8084,204,27,0,02/25/2021 12:00:00 AM,N/A,Agree
02/21/2020,MD,0,,,0,0,0,0,0,0,0,02/23/2020 12:00:00 AM,N/A,Agree
07/20/2021,MD,464491,,,155,0,9822,9604,218,3,1,07/22/2021 12:00:00 AM,N/A,Agree
05/16/2021,MD,456004,,,369,0,9534,9320,214,3,0,05/18/2021 12:00:00 AM,N/A,Agree
01/23/2021,MD,339307,,,2392,0,7262,7067,195,40,0,01/25/2021 12:00:00 AM,N/A,Agree
06/24/2021,MD,461953,,,66,0,9768,9551,217,2,0,06/26/2021 12:00:00 AM,N/A,Agree
05/13/2021,MD,454745,,,474,0,9505,9291,214,19,0,05/15/2021 12:00:00 AM,N/A,Agree
04/25/2022,MD,1025925,,,0,0,14425,14161,264,0,0,04/26/2022 01:17:03 PM,N/A,Agree
10/17/2021,MD,550550,,,871,0,10737,10507,230,12,0,10/19/2021 12:00:00 AM,N/A,Agree
05/19/2021,MD,456765,,,337,0,9567,9353,214,9,0,05/21/2021 12:00:00 AM,N/A,Agree
11/10/2020,MD,156709,,,1338,0,4395,4230,165,12,0,11/12/2020 12:00:00 AM,N/A,Agree
11/08/2020,MD,153996,,,1081,0,4374,4210,164,13,0,11/10/2020 12:00:00 AM,N/A,Agree
08/07/2021,MD,473116,,,892,0,9875,9655,220,4,0,08/09/2021 12:00:00 AM,N/A,Agree
04/22/2020,MD,14775,,,582,0,741,703,38,50,2,04/24/2020 12:00:00 AM,N/A,Agree
02/13/2020,MD,0,,,0,0,0,0,0,0,0,02/15/2020 12:00:00 AM,N/A,Agree
01/17/2021,MD,326445,,,2414,0,6980,6786,194,41,1,01/19/2021 12:00:00 AM,N/A,Agree
05/28/2021,MD,459343,,,248,0,9652,9438,214,10,0,05/30/2021 12:00:00 AM,N/A,Agree
07/06/2021,MD,462681,,,47,0,9794,9577,217,1,0,07/08/2021 12:00:00 AM,N/A,Agree
06/09/2020,MD,58904,,,500,0,2926,2799,127,24,2,06/11/2020 12:00:00 AM,N/A,Agree
03/22/2020,MD,244,,,54,0,4,4,0,0,0,03/24/2020 12:00:00 AM,N/A,Agree
12/06/2020,MD,215027,,,2643,0,5078,4901,177,36,1,12/08/2020 12:00:00 AM,N/A,Agree
05/06/2022,MD,1041621,,,1845,0,14495,14230,265,9,0,05/07/2022 01:19:57 PM,N/A,Agree
01/12/2021,MD,312351,,,2665,0,6755,6562,193,48,0,01/14/2021 12:00:00 AM,N/A,Agree
02/02/2020,MD,0,,,0,0,0,0,0,0,0,02/04/2020 12:00:00 AM,N/A,Agree
02/08/2022,MD,988943,,,796,0,13787,13528,259,42,0,02/10/2022 12:00:00 AM,N/A,Agree
10/02/2021,MD,535157,,,1287,0,10500,10272,228,15,0,10/04/2021 12:00:00 AM,N/A,Agree
12/09/2020,MD,222653,,,2692,0,5212,5032,180,47,0,12/11/2020 12:00:00 AM,N/A,Agree
09/02/2021,MD,499648,,,1272,0,10068,9845,223,11,1,09/04/2021 12:00:00 AM,N/A,Agree
04/08/2020,MD,5529,,,1158,0,167,159,8,22,1,04/10/2020 12:00:00 AM,N/A,Agree
02/14/2022,MD,993653,,,425,0,13925,13666,259,8,0,02/15/2022 03:38:24 PM,N/A,Agree
02/01/2020,MD,0,,,0,0,0,0,0,0,0,02/03/2020 12:00:00 AM,N/A,Agree
11/12/2020,MD,159900,,,1477,0,4421,4256,165,11,0,11/14/2020 12:00:00 AM,N/A,Agree
10/24/2020,MD,139487,,,796,0,4231,4072,159,7,0,10/26/2020 12:00:00 AM,N/A,Agree
10/06/2021,MD,539053,,,1077,0,10563,10335,228,19,0,10/08/2021 12:00:00 AM,N/A,Agree
03/15/2021,MD,394058,,,617,0,8599,8395,204,12,0,03/17/2021 12:00:00 AM,N/A,Agree
03/14/2021,MD,393441,,,860,0,8587,8383,204,16,0,03/16/2021 12:00:00 AM,N/A,Agree
10/17/2020,MD,135127,,,798,0,4177,4018,159,7,0,10/19/2020 12:00:00 AM,N/A,Agree
08/13/2021,MD,478067,,,950,0,9902,9681,221,4,0,08/15/2021 12:00:00 AM,N/A,Agree
05/20/2020,MD,42323,,,777,0,2226,2119,107,42,1,05/22/2020 12:00:00 AM,N/A,Agree
09/02/2020,MD,109319,,,456,0,3893,3738,155,7,1,09/04/2020 12:00:00 AM,N/A,Agree
01/23/2022,MD,956823,,,3786,0,13123,12869,254,54,1,01/25/2022 12:00:00 AM,N/A,Agree
05/31/2021,MD,459894,,,117,0,9673,9459,214,5,0,06/02/2021 12:00:00 AM,N/A,Agree
03/05/2021,MD,385678,,,913,0,8441,8237,204,10,0,03/07/2021 12:00:00 AM,N/A,Agree
10/20/2021,MD,552524,,,717,0,10783,10553,230,19,0,10/22/2021 12:00:00 AM,N/A,Agree
08/24/2020,MD,104669,,,567,0,3826,3674,152,8,1,08/26/2020 12:00:00 AM,N/A,Agree
03/06/2022,MD,1004290,,,0,0,14176,13913,263,0,0,03/07/2022 03:00:11 PM,N/A,Agree
07/22/2021,MD,465038,,,303,0,9826,9608,218,1,0,07/24/2021 12:00:00 AM,N/A,Agree
09/27/2020,MD,123403,,,431,0,4055,3897,158,7,0,09/29/2020 12:00:00 AM,N/A,Agree
11/16/2021,MD,573044,,,702,0,11096,10865,231,10,0,11/18/2021 12:00:00 AM,N/A,Agree
10/13/2020,MD,132343,,,482,0,4150,3991,159,3,0,10/15/2020 12:00:00 AM,N/A,Agree
06/14/2020,MD,61701,,,396,0,3051,2922,129,18,0,06/16/2020 12:00:00 AM,N/A,Agree
05/14/2021,MD,455257,,,512,0,9520,9306,214,15,0,05/16/2021 12:00:00 AM,N/A,Agree
02/01/2021,MD,355636,,,1163,0,7619,7420,199,31,1,02/03/2021 12:00:00 AM,N/A,Agree
04/20/2022,MD,1023905,,,1044,0,14418,14154,264,6,0,04/21/2022 01:21:03 PM,N/A,Agree
03/17/2022,MD,1008178,,,430,0,14286,14022,264,4,0,03/18/2022 01:48:08 PM,N/A,Agree
05/18/2020,MD,39762,,,958,0,2148,2043,105,52,4,05/20/2020 12:00:00 AM,N/A,Agree
09/26/2020,MD,122972,,,613,0,4048,3890,158,8,0,09/28/2020 12:00:00 AM,N/A,Agree
07/01/2020,MD,67918,,,359,0,3321,3185,136,13,0,07/03/2020 12:00:00 AM,N/A,Agree
12/30/2020,MD,273689,,,2628,0,6208,6018,190,52,1,01/01/2021 12:00:00 AM,N/A,Agree
03/25/2022,MD,1010497,,,792,0,14324,14060,264,8,0,03/26/2022 01:34:52 PM,N/A,Agree
03/13/2022,MD,1006636,,,204,0,14261,13996,265,12,0,03/14/2022 02:38:32 PM,N/A,Agree
08/18/2020,MD,101235,,,520,0,3773,3624,149,8,0,08/20/2020 12:00:00 AM,N/A,Agree
03/25/2021,MD,403982,,,1382,0,8763,8556,207,12,0,03/27/2021 12:00:00 AM,N/A,Agree
12/25/2020,MD,263160,,,2432,0,5974,5786,188,43,1,12/27/2020 12:00:00 AM,N/A,Agree
02/02/2022,MD,980625,,,1474,0,13572,13316,256,40,0,02/04/2022 12:00:00 AM,N/A,Agree
05/12/2020,MD,34061,,,688,0,1834,1741,93,53,3,05/14/2020 12:00:00 AM,N/A,Agree
05/18/2021,MD,456428,,,212,0,9558,9344,214,13,0,05/20/2021 12:00:00 AM,N/A,Agree
11/05/2020,MD,149964,,,1198,0,4334,4172,162,11,0,11/07/2020 12:00:00 AM,N/A,Agree
04/27/2020,MD,19487,,,906,0,1017,966,51,54,3,05/11/2022 04:48:19 PM,N/A,Agree
10/12/2021,MD,545439,,,411,0,10665,10435,230,16,0,10/14/2021 12:00:00 AM,N/A,Agree
07/05/2020,MD,69632,,,291,0,3370,3231,139,8,0,07/07/2020 12:00:00 AM,N/A,Agree
09/24/2020,MD,121800,,,503,0,4036,3879,157,12,0,09/26/2020 12:00:00 AM,N/A,Agree
01/28/2020,MD,0,,,0,0,0,0,0,0,0,01/30/2020 12:00:00 AM,N/A,Agree
06/23/2021,MD,461887,,,59,0,9766,9549,217,2,0,06/25/2021 12:00:00 AM,N/A,Agree
11/27/2021,MD,583299,,,691,0,11191,10960,231,7,0,11/29/2021 12:00:00 AM,N/A,Agree
02/09/2022,MD,989738,,,795,0,13827,13568,259,40,0,02/11/2022 12:00:00 AM,N/A,Agree
02/10/2022,MD,990838,,,1100,0,13864,13605,259,37,0,02/12/2022 12:00:00 AM,N/A,Agree
04/29/2020,MD,20849,,,736,0,1120,1061,59,57,4,05/01/2020 12:00:00 AM,N/A,Agree
02/27/2020,MD,0,,,0,0,0,0,0,0,0,02/29/2020 12:00:00 AM,N/A,Agree
12/16/2020,MD,241767,,,2405,0,5551,5366,185,49,1,12/18/2020 12:00:00 AM,N/A,Agree
08/31/2021,MD,497002,,,1078,0,10044,9822,222,13,0,09/02/2021 12:00:00 AM,N/A,Agree
08/22/2020,MD,103523,,,624,0,3807,3656,151,13,0,08/24/2020 12:00:00 AM,N/A,Agree
09/30/2021,MD,532340,,,1479,0,10466,10238,228,11,0,10/02/2021 12:00:00 AM,N/A,Agree
